=== 2026-03-25T20:04:20-04:00 === run_single_comparison.sh --test upload --nodes 100 --iterations 10
Matrix cell output: /mnt/School/1_Temple/fall25/independentStudy/fall25_independentStudy/test_results/matrix/upload_n100_i10
Output directory: /mnt/School/1_Temple/fall25/independentStudy/fall25_independentStudy/test_results/matrix/upload_n100_i10
==========================================
Swarm Comparison Test Suite
==========================================
Node counts: 100
Payload sizes: 1024 10240 102400 1048576 bytes
Batch sizes (upload): 1 5
Iterations per test: 10
Per-test timeout: 7200s (default or auto: 5400/7200/7200s for max N 50/100/500)
Tests (filtered): upload
Output directory: /mnt/School/1_Temple/fall25/independentStudy/fall25_independentStudy/test_results/matrix/upload_n100_i10


==========================================
Testing with 100 nodes
==========================================
  [0;36mEnsuring clean state...[0m

[0;34mStep 1: Starting vn-IPFS...[0m

[0;34mStep 1b: Starting Swarm...[0m
[0;31mSwarm failed to start. Log: /mnt/School/1_Temple/fall25/independentStudy/fall25_independentStudy/test_results/matrix/upload_n100_i10/swarm_startup_n100.log[0m

[0;34mCleaning up containers...[0m
  Cleanup complete

[0;34mAggregating results...[0m
  Aggregated upload results: /mnt/School/1_Temple/fall25/independentStudy/fall25_independentStudy/test_results/matrix/upload_n100_i10/upload_aggregated.csv
  Aggregated download results: /mnt/School/1_Temple/fall25/independentStudy/fall25_independentStudy/test_results/matrix/upload_n100_i10/download_aggregated.csv

[0;34mGenerating summary report...[0m
==========================================
Swarm Comparison Test Summary Report
==========================================
Generated: Wed Mar 25 08:58:21 PM EDT 2026

Test Configuration:
  Node counts: 100
  Payload sizes: 1024 10240 102400 1048576 bytes
  Iterations per test: 10

Upload Latency Test Results:
----------------------------
  Node count: 100 - No results file found

Download Latency Test Results (cold and warm):
------------------------------
  Node count: 100 - No results file found

==========================================
All results saved to: /mnt/School/1_Temple/fall25/independentStudy/fall25_independentStudy/test_results/matrix/upload_n100_i10
==========================================

  Summary report: /mnt/School/1_Temple/fall25/independentStudy/fall25_independentStudy/test_results/matrix/upload_n100_i10/summary_report.txt

==========================================
Test Suite Complete!
==========================================
Results directory: /mnt/School/1_Temple/fall25/independentStudy/fall25_independentStudy/test_results/matrix/upload_n100_i10

Files generated:
  - upload_n<N>_batch<B>.csv: Upload latency results (N nodes, batch size B)
  - upload_network_bytes.csv: Network bytes transferred during upload (system,payload_size,batch_size,bytes_transferred)
  - download_n<N>_cold.csv, download_n<N>_warm.csv: Download latency results (cold/warm cache)
  - upload_aggregated.csv: All upload results combined
  - download_aggregated.csv: system,node_count,payload_size,iteration,cache_mode,ttfb_ms,total_ms,lookup_type
  - network_hops_results.csv: DHT lookup hops per operation (when available)
  - storage_efficiency_results.csv: disk_bytes, efficiency_ratio per system (when available)
  - replication_results.csv: system,payload_size,nodes,replicas_target,time_to_R_s[,replication_bytes] (when available)
  - replication_distribution.csv: system,node_count,near,midrange,farflung (N/M/F vs Swarm N/A)
  - repair_time_results.csv: system,node_count,repair_time_s (when available)
  - concurrent_results.csv: system,concurrent_writes,concurrent_reads,throughput_mbps,p99_latency_ms (when available)
  - lookup_latency_n<N>.csv: isolated lookup latency (token vs TTFB proxy)
  - lookup_complexity_results.csv: system,node_count,operation,hops (O(log N) regression)
  - routing_overhead_results.csv: system,operation,message_count,overhead_type (token vs provider announce)
  - resource_usage.csv: CPU/memory samples during tests (when available)
  - resource_usage_upload_n<N>.csv: CPU/memory during upload phase only, per node count
  - summary_report.txt: Test summary report


[0;34mCleaning up containers...[0m
  Cleanup complete
[0;32mAll tests complete![0m

[0;34mCleaning up containers...[0m
  Cleanup complete
=== 2026-03-25T20:58:21-04:00 === run_single_comparison.sh --test download_cold --nodes 50 --iterations 10
Matrix cell output: /mnt/School/1_Temple/fall25/independentStudy/fall25_independentStudy/test_results/matrix/download_cold_n50_i10
Output directory: /mnt/School/1_Temple/fall25/independentStudy/fall25_independentStudy/test_results/matrix/download_cold_n50_i10
==========================================
Swarm Comparison Test Suite
==========================================
Node counts: 50
Payload sizes: 1024 10240 102400 1048576 bytes
Batch sizes (upload): 1 5
Iterations per test: 10
Per-test timeout: 5400s (default or auto: 5400/7200/7200s for max N 50/100/500)
Tests (filtered): download_cold
Output directory: /mnt/School/1_Temple/fall25/independentStudy/fall25_independentStudy/test_results/matrix/download_cold_n50_i10


==========================================
Testing with 50 nodes
==========================================
  [0;36mEnsuring clean state...[0m

[0;34mStep 1: Starting vn-IPFS...[0m

[0;34mStep 1b: Starting Swarm...[0m
[0;31mvn-IPFS failed to start. Log: /mnt/School/1_Temple/fall25/independentStudy/fall25_independentStudy/test_results/matrix/download_cold_n50_i10/our_startup_n50.log[0m

[0;34mCleaning up containers...[0m
  Cleanup complete

[0;34mAggregating results...[0m
  Aggregated upload results: /mnt/School/1_Temple/fall25/independentStudy/fall25_independentStudy/test_results/matrix/download_cold_n50_i10/upload_aggregated.csv
  Aggregated download results: /mnt/School/1_Temple/fall25/independentStudy/fall25_independentStudy/test_results/matrix/download_cold_n50_i10/download_aggregated.csv

[0;34mGenerating summary report...[0m
==========================================
Swarm Comparison Test Summary Report
==========================================
Generated: Wed Mar 25 09:22:27 PM EDT 2026

Test Configuration:
  Node counts: 50
  Payload sizes: 1024 10240 102400 1048576 bytes
  Iterations per test: 10

Upload Latency Test Results:
----------------------------
  Node count: 50 - No results file found

Download Latency Test Results (cold and warm):
------------------------------
  Node count: 50 - No results file found

==========================================
All results saved to: /mnt/School/1_Temple/fall25/independentStudy/fall25_independentStudy/test_results/matrix/download_cold_n50_i10
==========================================

  Summary report: /mnt/School/1_Temple/fall25/independentStudy/fall25_independentStudy/test_results/matrix/download_cold_n50_i10/summary_report.txt

==========================================
Test Suite Complete!
==========================================
Results directory: /mnt/School/1_Temple/fall25/independentStudy/fall25_independentStudy/test_results/matrix/download_cold_n50_i10

Files generated:
  - upload_n<N>_batch<B>.csv: Upload latency results (N nodes, batch size B)
  - upload_network_bytes.csv: Network bytes transferred during upload (system,payload_size,batch_size,bytes_transferred)
  - download_n<N>_cold.csv, download_n<N>_warm.csv: Download latency results (cold/warm cache)
  - upload_aggregated.csv: All upload results combined
  - download_aggregated.csv: system,node_count,payload_size,iteration,cache_mode,ttfb_ms,total_ms,lookup_type
  - network_hops_results.csv: DHT lookup hops per operation (when available)
  - storage_efficiency_results.csv: disk_bytes, efficiency_ratio per system (when available)
  - replication_results.csv: system,payload_size,nodes,replicas_target,time_to_R_s[,replication_bytes] (when available)
  - replication_distribution.csv: system,node_count,near,midrange,farflung (N/M/F vs Swarm N/A)
  - repair_time_results.csv: system,node_count,repair_time_s (when available)
  - concurrent_results.csv: system,concurrent_writes,concurrent_reads,throughput_mbps,p99_latency_ms (when available)
  - lookup_latency_n<N>.csv: isolated lookup latency (token vs TTFB proxy)
  - lookup_complexity_results.csv: system,node_count,operation,hops (O(log N) regression)
  - routing_overhead_results.csv: system,operation,message_count,overhead_type (token vs provider announce)
  - resource_usage.csv: CPU/memory samples during tests (when available)
  - resource_usage_upload_n<N>.csv: CPU/memory during upload phase only, per node count
  - summary_report.txt: Test summary report


[0;34mCleaning up containers...[0m
  Cleanup complete
[0;32mAll tests complete![0m

[0;34mCleaning up containers...[0m
  Cleanup complete
=== 2026-03-25T21:22:28-04:00 === run_single_comparison.sh --test download_cold --nodes 100 --iterations 10
Matrix cell output: /mnt/School/1_Temple/fall25/independentStudy/fall25_independentStudy/test_results/matrix/download_cold_n100_i10
Output directory: /mnt/School/1_Temple/fall25/independentStudy/fall25_independentStudy/test_results/matrix/download_cold_n100_i10
==========================================
Swarm Comparison Test Suite
==========================================
Node counts: 100
Payload sizes: 1024 10240 102400 1048576 bytes
Batch sizes (upload): 1 5
Iterations per test: 10
Per-test timeout: 7200s (default or auto: 5400/7200/7200s for max N 50/100/500)
Tests (filtered): download_cold
Output directory: /mnt/School/1_Temple/fall25/independentStudy/fall25_independentStudy/test_results/matrix/download_cold_n100_i10


==========================================
Testing with 100 nodes
==========================================
  [0;36mEnsuring clean state...[0m

[0;34mStep 1: Starting vn-IPFS...[0m

[0;34mStep 1b: Starting Swarm...[0m
[0;31mvn-IPFS failed to start. Log: /mnt/School/1_Temple/fall25/independentStudy/fall25_independentStudy/test_results/matrix/download_cold_n100_i10/our_startup_n100.log[0m

[0;34mCleaning up containers...[0m
  Cleanup complete

[0;34mAggregating results...[0m
  Aggregated upload results: /mnt/School/1_Temple/fall25/independentStudy/fall25_independentStudy/test_results/matrix/download_cold_n100_i10/upload_aggregated.csv
  Aggregated download results: /mnt/School/1_Temple/fall25/independentStudy/fall25_independentStudy/test_results/matrix/download_cold_n100_i10/download_aggregated.csv

[0;34mGenerating summary report...[0m
==========================================
Swarm Comparison Test Summary Report
==========================================
Generated: Wed Mar 25 10:10:09 PM EDT 2026

Test Configuration:
  Node counts: 100
  Payload sizes: 1024 10240 102400 1048576 bytes
  Iterations per test: 10

Upload Latency Test Results:
----------------------------
  Node count: 100 - No results file found

Download Latency Test Results (cold and warm):
------------------------------
  Node count: 100 - No results file found

==========================================
All results saved to: /mnt/School/1_Temple/fall25/independentStudy/fall25_independentStudy/test_results/matrix/download_cold_n100_i10
==========================================

  Summary report: /mnt/School/1_Temple/fall25/independentStudy/fall25_independentStudy/test_results/matrix/download_cold_n100_i10/summary_report.txt

==========================================
Test Suite Complete!
==========================================
Results directory: /mnt/School/1_Temple/fall25/independentStudy/fall25_independentStudy/test_results/matrix/download_cold_n100_i10

Files generated:
  - upload_n<N>_batch<B>.csv: Upload latency results (N nodes, batch size B)
  - upload_network_bytes.csv: Network bytes transferred during upload (system,payload_size,batch_size,bytes_transferred)
  - download_n<N>_cold.csv, download_n<N>_warm.csv: Download latency results (cold/warm cache)
  - upload_aggregated.csv: All upload results combined
  - download_aggregated.csv: system,node_count,payload_size,iteration,cache_mode,ttfb_ms,total_ms,lookup_type
  - network_hops_results.csv: DHT lookup hops per operation (when available)
  - storage_efficiency_results.csv: disk_bytes, efficiency_ratio per system (when available)
  - replication_results.csv: system,payload_size,nodes,replicas_target,time_to_R_s[,replication_bytes] (when available)
  - replication_distribution.csv: system,node_count,near,midrange,farflung (N/M/F vs Swarm N/A)
  - repair_time_results.csv: system,node_count,repair_time_s (when available)
  - concurrent_results.csv: system,concurrent_writes,concurrent_reads,throughput_mbps,p99_latency_ms (when available)
  - lookup_latency_n<N>.csv: isolated lookup latency (token vs TTFB proxy)
  - lookup_complexity_results.csv: system,node_count,operation,hops (O(log N) regression)
  - routing_overhead_results.csv: system,operation,message_count,overhead_type (token vs provider announce)
  - resource_usage.csv: CPU/memory samples during tests (when available)
  - resource_usage_upload_n<N>.csv: CPU/memory during upload phase only, per node count
  - summary_report.txt: Test summary report


[0;34mCleaning up containers...[0m
  Cleanup complete
[0;32mAll tests complete![0m

[0;34mCleaning up containers...[0m
  Cleanup complete
=== 2026-03-25T22:10:10-04:00 === run_single_comparison.sh --test download_warm --nodes 50 --iterations 10
Matrix cell output: /mnt/School/1_Temple/fall25/independentStudy/fall25_independentStudy/test_results/matrix/download_warm_n50_i10
Output directory: /mnt/School/1_Temple/fall25/independentStudy/fall25_independentStudy/test_results/matrix/download_warm_n50_i10
==========================================
Swarm Comparison Test Suite
==========================================
Node counts: 50
Payload sizes: 1024 10240 102400 1048576 bytes
Batch sizes (upload): 1 5
Iterations per test: 10
Per-test timeout: 5400s (default or auto: 5400/7200/7200s for max N 50/100/500)
Tests (filtered): download_warm
Output directory: /mnt/School/1_Temple/fall25/independentStudy/fall25_independentStudy/test_results/matrix/download_warm_n50_i10


==========================================
Testing with 50 nodes
==========================================
  [0;36mEnsuring clean state...[0m

[0;34mStep 1: Starting vn-IPFS...[0m

[0;34mStep 1b: Starting Swarm...[0m
  [0;32mBoth networks started (sequential)[0m

[0;34mStep 2: Waiting for both systems to be healthy...[0m
  [0;36mWaiting for our_system to stabilize (N=50, max 150s)...[0m
    our_system ready after 1s
  [0;36mWaiting for swarm to stabilize (N=50, max 180s)...[0m
    swarm ready after 1s
  [0;36mExtra post-stabilization wait: 15s (large cluster)[0m

[0;34mStep 2b: C.2 verification (replication integration)...[0m
  [0;36mC.2 verify cap: 90s[0m
  C.2 verify: starting...
  C.2 verify: using container=fall25-bootstrap addr=[::]:9400
  C.2 verify: PUT request...
  C.2 verify: polling /replication/status...
  [1;33mC.2 verification had errors or timed out, continuing...[0m
  [0;32mResource monitor started (PID 843647)[0m

[0;34mStep 4b: Running download latency test (warm)...[0m

[0;32mRunning download latency test (N=50, cache_mode=warm)...[0m
[0;36m  [timeout cap 5400s][0m /mnt/School/1_Temple/fall25/independentStudy/fall25_independentStudy/scripts/tests/swarm_comparison/download_test.sh --iterations 10 --cache-mode warm --output /mnt/School/1_Temple/fall25/independentStudy/fall25_independentStudy/test_results/matrix/download_warm_n50_i10/download_n50_warm.csv
Detected control API: http://[::]:9400 (container: fall25-bootstrap)
==========================================
Download Latency Test
==========================================
Our System API: http://[::]:9400 (container: fall25-bootstrap)
Swarm API: http://127.0.0.1:8500
Iterations per size: 10
Cache mode: warm
Output file: /mnt/School/1_Temple/fall25/independentStudy/fall25_independentStudy/test_results/matrix/download_warm_n50_i10/download_n50_warm.csv

Verifying API endpoints...
[0;32m✓ Our system API is accessible[0m
[0;32m✓ Swarm API is accessible[0m
Getting provider info for our system...
  Peer ID: 12D3KooWJuDkPAajCkeNn64vpr8PwK5fbhKLGPCbvhCDUrTPbhCB
  Address: /ip4/172.20.0.10/tcp/4001


[0;34mTesting payload size: 1KB (1024 bytes)[0m
  Generating test file...

  [0;32mUploading to both systems...[0m
    Uploading to our system...
    Uploaded key: 2f14515b0a346ee2...
    Uploading to Swarm...
    Uploaded hash: 29b49af314c5d55a9301f299d7f5e2295091af36e2534ed59f4706899e86c4a7

  [0;32mTesting our system downloads...[0m
    Iteration 1/10... TTFB: 4739.08 ms, Total: 4739.87 ms hops=0
    Iteration 2/10... TTFB: 1.93 ms, Total: 1.95 ms hops=0
    Iteration 3/10... TTFB: 1.84 ms, Total: 1.86 ms hops=0
    Iteration 4/10... TTFB: 2.34 ms, Total: 2.37 ms hops=0
    Iteration 5/10... TTFB: 1.88 ms, Total: 1.89 ms hops=0
    Iteration 6/10... TTFB: 1.81 ms, Total: 1.83 ms hops=0
    Iteration 7/10... TTFB: 3.06 ms, Total: 3.09 ms hops=0
    Iteration 8/10... TTFB: 3.46 ms, Total: 3.48 ms hops=0
    Iteration 9/10... TTFB: 2.09 ms, Total: 2.11 ms hops=0
    Iteration 10/10... TTFB: 1.72 ms, Total: 1.74 ms hops=0

  [0;32mTesting Swarm downloads...[0m
    Iteration 1/10... TTFB: 2.12 ms, Total: 2.18 ms
    Iteration 2/10... TTFB: 0.79 ms, Total: 0.84 ms
    Iteration 3/10... TTFB: 2.32 ms, Total: 2.46 ms
    Iteration 4/10... TTFB: 1.19 ms, Total: 1.24 ms
    Iteration 5/10... TTFB: 4.41 ms, Total: 4.61 ms
    Iteration 6/10... TTFB: 2.55 ms, Total: 2.67 ms
    Iteration 7/10... TTFB: 3.26 ms, Total: 3.45 ms
    Iteration 8/10... TTFB: 2.96 ms, Total: 3.12 ms
    Iteration 9/10... TTFB: 1.99 ms, Total: 2.14 ms
    Iteration 10/10... TTFB: 0.89 ms, Total: 0.93 ms

  [0;34mStatistics for 1KB:[0m
    [0;32mOur System (TTFB):[0m
      Min:    1.72 ms
      Max:    4739.08 ms
      Avg:    475.91 ms
      P50:    2.09 ms
      P90:    4739.08 ms
      P99:    4739.08 ms
    [0;32mOur System (Total):[0m
      Min:    1.74 ms
      Max:    4739.87 ms
      Avg:    476.01 ms
      P50:    2.11 ms
      P90:    4739.87 ms
      P99:    4739.87 ms
    [0;32mSwarm (TTFB):[0m
      Min:    0.79 ms
      Max:    4.41 ms
      Avg:    2.24 ms
      P50:    2.32 ms
      P90:    4.41 ms
      P99:    4.41 ms
    [0;32mSwarm (Total):[0m
      Min:    0.84 ms
      Max:    4.61 ms
      Avg:    2.36 ms
      P50:    2.46 ms
      P90:    4.61 ms
      P99:    4.61 ms

[0;34mTesting payload size: 10KB (10240 bytes)[0m
  Generating test file...

  [0;32mUploading to both systems...[0m
    Uploading to our system...
    Uploaded key: 69975cef446b4c65...
    Uploading to Swarm...
    Uploaded hash: 262b731de90ef35eebfebc8a06468edd14c358e1ecf071b9cff4c6f0677ef137

  [0;32mTesting our system downloads...[0m
    Iteration 1/10... TTFB: 1.81 ms, Total: 1.83 ms hops=0
    Iteration 2/10... TTFB: 1.91 ms, Total: 1.94 ms hops=0
    Iteration 3/10... TTFB: 3.59 ms, Total: 3.69 ms hops=0
    Iteration 4/10... TTFB: 2.05 ms, Total: 2.07 ms hops=0
    Iteration 5/10... TTFB: 1.95 ms, Total: 1.98 ms hops=0
    Iteration 6/10... TTFB: 1.99 ms, Total: 2.02 ms hops=0
    Iteration 7/10... TTFB: 1.85 ms, Total: 1.88 ms hops=0
    Iteration 8/10... TTFB: 1.91 ms, Total: 1.93 ms hops=0
    Iteration 9/10... TTFB: 2.02 ms, Total: 2.07 ms hops=0
    Iteration 10/10... TTFB: 2.00 ms, Total: 2.03 ms hops=0

  [0;32mTesting Swarm downloads...[0m
    Iteration 1/10... TTFB: 1.76 ms, Total: 1.86 ms
    Iteration 2/10... TTFB: 0.89 ms, Total: 0.93 ms
    Iteration 3/10... TTFB: 5.09 ms, Total: 5.28 ms
    Iteration 4/10... TTFB: 1.13 ms, Total: 1.23 ms
    Iteration 5/10... TTFB: 1.05 ms, Total: 1.10 ms
    Iteration 6/10... TTFB: 1.80 ms, Total: 1.89 ms
    Iteration 7/10... TTFB: 0.86 ms, Total: 0.90 ms
    Iteration 8/10... TTFB: 1.60 ms, Total: 1.67 ms
    Iteration 9/10... TTFB: 3.21 ms, Total: 3.41 ms
    Iteration 10/10... TTFB: 0.99 ms, Total: 1.06 ms

  [0;34mStatistics for 10KB:[0m
    [0;32mOur System (TTFB):[0m
      Min:    1.81 ms
      Max:    3.59 ms
      Avg:    2.10 ms
      P50:    1.99 ms
      P90:    3.59 ms
      P99:    3.59 ms
    [0;32mOur System (Total):[0m
      Min:    1.83 ms
      Max:    3.69 ms
      Avg:    2.14 ms
      P50:    2.02 ms
      P90:    3.69 ms
      P99:    3.69 ms
    [0;32mSwarm (TTFB):[0m
      Min:    0.86 ms
      Max:    5.09 ms
      Avg:    1.83 ms
      P50:    1.60 ms
      P90:    5.09 ms
      P99:    5.09 ms
    [0;32mSwarm (Total):[0m
      Min:    0.90 ms
      Max:    5.28 ms
      Avg:    1.93 ms
      P50:    1.67 ms
      P90:    5.28 ms
      P99:    5.28 ms

[0;34mTesting payload size: 100KB (102400 bytes)[0m
  Generating test file...

  [0;32mUploading to both systems...[0m
    Uploading to our system...
    Uploaded key: 83665fa8962c0904...
    Uploading to Swarm...
    Uploaded hash: 4f548a6f2acbfc8009110d42c61f9dfb30cb871c7d06428d4d5572c6844c6377

  [0;32mTesting our system downloads...[0m
    Iteration 1/10... TTFB: 48.59 ms, Total: 49.09 ms hops=0
    Iteration 2/10... TTFB: 43.26 ms, Total: 43.47 ms hops=0
    Iteration 3/10... TTFB: 39.93 ms, Total: 40.03 ms hops=0
    Iteration 4/10... TTFB: 41.39 ms, Total: 41.54 ms hops=0
    Iteration 5/10... TTFB: 51.62 ms, Total: 51.77 ms hops=0
    Iteration 6/10... TTFB: 9.21 ms, Total: 9.40 ms hops=0
    Iteration 7/10... TTFB: 2.66 ms, Total: 2.76 ms hops=0
    Iteration 8/10... TTFB: 4717.34 ms, Total: 4719.31 ms hops=0
    Iteration 9/10... TTFB: 23.58 ms, Total: 23.76 ms hops=0
    Iteration 10/10... TTFB: 9.39 ms, Total: 10.39 ms hops=0

  [0;32mTesting Swarm downloads...[0m
    Iteration 1/10... TTFB: 4.75 ms, Total: 5.40 ms
    Iteration 2/10... TTFB: 3.32 ms, Total: 3.67 ms
    Iteration 3/10... TTFB: 1.03 ms, Total: 1.19 ms
    Iteration 4/10... TTFB: 2.08 ms, Total: 2.38 ms
    Iteration 5/10... TTFB: 4.02 ms, Total: 4.32 ms
    Iteration 6/10... TTFB: 2.45 ms, Total: 2.76 ms
    Iteration 7/10... TTFB: 3.07 ms, Total: 3.56 ms
    Iteration 8/10... TTFB: 1.47 ms, Total: 1.61 ms
    Iteration 9/10... TTFB: 3.05 ms, Total: 3.72 ms
    Iteration 10/10... TTFB: 2.14 ms, Total: 2.53 ms

  [0;34mStatistics for 100KB:[0m
    [0;32mOur System (TTFB):[0m
      Min:    2.66 ms
      Max:    4717.34 ms
      Avg:    498.69 ms
      P50:    41.39 ms
      P90:    4717.34 ms
      P99:    4717.34 ms
    [0;32mOur System (Total):[0m
      Min:    2.76 ms
      Max:    4719.31 ms
      Avg:    499.15 ms
      P50:    41.54 ms
      P90:    4719.31 ms
      P99:    4719.31 ms
    [0;32mSwarm (TTFB):[0m
      Min:    1.03 ms
      Max:    4.75 ms
      Avg:    2.73 ms
      P50:    3.05 ms
      P90:    4.75 ms
      P99:    4.75 ms
    [0;32mSwarm (Total):[0m
      Min:    1.19 ms
      Max:    5.40 ms
      Avg:    3.11 ms
      P50:    3.56 ms
      P90:    5.40 ms
      P99:    5.40 ms

[0;34mTesting payload size: 1024KB (1048576 bytes)[0m
  Generating test file...

  [0;32mUploading to both systems...[0m
    Uploading to our system...
    Uploaded key: e1a190a8ae2b7902...
    Uploading to Swarm...
    Uploaded hash: 7a455034bb8392835944dcc0bc59a4b02f3f7074fd20a463f36a8104655805a1

  [0;32mTesting our system downloads...[0m
    Iteration 1/10... TTFB: 60.59 ms, Total: 62.90 ms hops=0
    Iteration 2/10... TTFB: 53.90 ms, Total: 60.28 ms hops=0
    Iteration 3/10... TTFB: 59.06 ms, Total: 62.20 ms hops=0
    Iteration 4/10... TTFB: 69.10 ms, Total: 70.91 ms hops=0
    Iteration 5/10... TTFB: 19.02 ms, Total: 20.50 ms hops=0
    Iteration 6/10... TTFB: 11.70 ms, Total: 14.62 ms hops=0
    Iteration 7/10... TTFB: 10.20 ms, Total: 12.34 ms hops=0
    Iteration 8/10... TTFB: 8.52 ms, Total: 9.33 ms hops=0
    Iteration 9/10... TTFB: 12.26 ms, Total: 14.36 ms hops=0
    Iteration 10/10... TTFB: 5.18 ms, Total: 6.88 ms hops=0

  [0;32mTesting Swarm downloads...[0m
    Iteration 1/10... TTFB: 1.78 ms, Total: 5.93 ms
    Iteration 2/10... TTFB: 1.49 ms, Total: 3.42 ms
    Iteration 3/10... TTFB: 1.99 ms, Total: 7.92 ms
    Iteration 4/10... TTFB: 3.16 ms, Total: 11.53 ms
    Iteration 5/10... TTFB: 1.27 ms, Total: 5.43 ms
    Iteration 6/10... TTFB: 3.19 ms, Total: 10.50 ms
    Iteration 7/10... TTFB: 4.48 ms, Total: 11.98 ms
    Iteration 8/10... TTFB: 2.25 ms, Total: 7.41 ms
    Iteration 9/10... TTFB: 1.40 ms, Total: 5.96 ms
    Iteration 10/10... TTFB: 1.57 ms, Total: 4.52 ms

  [0;34mStatistics for 1024KB:[0m
    [0;32mOur System (TTFB):[0m
      Min:    5.18 ms
      Max:    69.10 ms
      Avg:    30.95 ms
      P50:    19.02 ms
      P90:    69.10 ms
      P99:    69.10 ms
    [0;32mOur System (Total):[0m
      Min:    6.88 ms
      Max:    70.91 ms
      Avg:    33.43 ms
      P50:    20.50 ms
      P90:    70.91 ms
      P99:    70.91 ms
    [0;32mSwarm (TTFB):[0m
      Min:    1.27 ms
      Max:    4.48 ms
      Avg:    2.25 ms
      P50:    1.99 ms
      P90:    4.48 ms
      P99:    4.48 ms
    [0;32mSwarm (Total):[0m
      Min:    3.42 ms
      Max:    11.98 ms
      Avg:    7.45 ms
      P50:    7.41 ms
      P90:    11.98 ms
      P99:    11.98 ms

==========================================
Test Complete
==========================================
Results saved to: /mnt/School/1_Temple/fall25/independentStudy/fall25_independentStudy/test_results/matrix/download_warm_n50_i10/download_n50_warm.csv

To view results:
  cat /mnt/School/1_Temple/fall25/independentStudy/fall25_independentStudy/test_results/matrix/download_warm_n50_i10/download_n50_warm.csv

To analyze with Python:
  python3 -c "import pandas as pd; df = pd.read_csv('/mnt/School/1_Temple/fall25/independentStudy/fall25_independentStudy/test_results/matrix/download_warm_n50_i10/download_n50_warm.csv'); print(df.groupby(['system', 'payload_size'])[['ttfb_ms', 'total_ms']].describe())"
  [0;32m✓ Download test (warm) complete: /mnt/School/1_Temple/fall25/independentStudy/fall25_independentStudy/test_results/matrix/download_warm_n50_i10/download_n50_warm.csv[0m

[0;32mResource monitor stopped[0m

[0;34mAggregating results...[0m
  Aggregated upload results: /mnt/School/1_Temple/fall25/independentStudy/fall25_independentStudy/test_results/matrix/download_warm_n50_i10/upload_aggregated.csv
  Aggregated download results: /mnt/School/1_Temple/fall25/independentStudy/fall25_independentStudy/test_results/matrix/download_warm_n50_i10/download_aggregated.csv

[0;34mGenerating summary report...[0m
==========================================
Swarm Comparison Test Summary Report
==========================================
Generated: Wed Mar 25 10:41:09 PM EDT 2026

Test Configuration:
  Node counts: 50
  Payload sizes: 1024 10240 102400 1048576 bytes
  Iterations per test: 10

Upload Latency Test Results:
----------------------------
  Node count: 50 - No results file found

Download Latency Test Results (cold and warm):
------------------------------

  Node count: 50, cache_mode: warm
    Results file: download_n50_warm.csv
    Our system: 40 successful downloads
    Swarm: 40 successful downloads

==========================================
All results saved to: /mnt/School/1_Temple/fall25/independentStudy/fall25_independentStudy/test_results/matrix/download_warm_n50_i10
==========================================

  Summary report: /mnt/School/1_Temple/fall25/independentStudy/fall25_independentStudy/test_results/matrix/download_warm_n50_i10/summary_report.txt

==========================================
Test Suite Complete!
==========================================
Results directory: /mnt/School/1_Temple/fall25/independentStudy/fall25_independentStudy/test_results/matrix/download_warm_n50_i10

Files generated:
  - upload_n<N>_batch<B>.csv: Upload latency results (N nodes, batch size B)
  - upload_network_bytes.csv: Network bytes transferred during upload (system,payload_size,batch_size,bytes_transferred)
  - download_n<N>_cold.csv, download_n<N>_warm.csv: Download latency results (cold/warm cache)
  - upload_aggregated.csv: All upload results combined
  - download_aggregated.csv: system,node_count,payload_size,iteration,cache_mode,ttfb_ms,total_ms,lookup_type
  - network_hops_results.csv: DHT lookup hops per operation (when available)
  - storage_efficiency_results.csv: disk_bytes, efficiency_ratio per system (when available)
  - replication_results.csv: system,payload_size,nodes,replicas_target,time_to_R_s[,replication_bytes] (when available)
  - replication_distribution.csv: system,node_count,near,midrange,farflung (N/M/F vs Swarm N/A)
  - repair_time_results.csv: system,node_count,repair_time_s (when available)
  - concurrent_results.csv: system,concurrent_writes,concurrent_reads,throughput_mbps,p99_latency_ms (when available)
  - lookup_latency_n<N>.csv: isolated lookup latency (token vs TTFB proxy)
  - lookup_complexity_results.csv: system,node_count,operation,hops (O(log N) regression)
  - routing_overhead_results.csv: system,operation,message_count,overhead_type (token vs provider announce)
  - resource_usage.csv: CPU/memory samples during tests (when available)
  - resource_usage_upload_n<N>.csv: CPU/memory during upload phase only, per node count
  - summary_report.txt: Test summary report


[0;34mCleaning up containers...[0m
  Cleanup complete
[0;32mAll tests complete![0m

[0;34mCleaning up containers...[0m
  Cleanup complete
=== 2026-03-25T22:41:10-04:00 === run_single_comparison.sh --test download_warm --nodes 100 --iterations 10
Matrix cell output: /mnt/School/1_Temple/fall25/independentStudy/fall25_independentStudy/test_results/matrix/download_warm_n100_i10
Output directory: /mnt/School/1_Temple/fall25/independentStudy/fall25_independentStudy/test_results/matrix/download_warm_n100_i10
==========================================
Swarm Comparison Test Suite
==========================================
Node counts: 100
Payload sizes: 1024 10240 102400 1048576 bytes
Batch sizes (upload): 1 5
Iterations per test: 10
Per-test timeout: 7200s (default or auto: 5400/7200/7200s for max N 50/100/500)
Tests (filtered): download_warm
Output directory: /mnt/School/1_Temple/fall25/independentStudy/fall25_independentStudy/test_results/matrix/download_warm_n100_i10


==========================================
Testing with 100 nodes
==========================================
  [0;36mEnsuring clean state...[0m

[0;34mStep 1: Starting vn-IPFS...[0m

[0;34mStep 1b: Starting Swarm...[0m
[0;31mvn-IPFS failed to start. Log: /mnt/School/1_Temple/fall25/independentStudy/fall25_independentStudy/test_results/matrix/download_warm_n100_i10/our_startup_n100.log[0m

[0;34mCleaning up containers...[0m
  Cleanup complete

[0;34mAggregating results...[0m
  Aggregated upload results: /mnt/School/1_Temple/fall25/independentStudy/fall25_independentStudy/test_results/matrix/download_warm_n100_i10/upload_aggregated.csv
  Aggregated download results: /mnt/School/1_Temple/fall25/independentStudy/fall25_independentStudy/test_results/matrix/download_warm_n100_i10/download_aggregated.csv

[0;34mGenerating summary report...[0m
==========================================
Swarm Comparison Test Summary Report
==========================================
Generated: Wed Mar 25 11:30:29 PM EDT 2026

Test Configuration:
  Node counts: 100
  Payload sizes: 1024 10240 102400 1048576 bytes
  Iterations per test: 10

Upload Latency Test Results:
----------------------------
  Node count: 100 - No results file found

Download Latency Test Results (cold and warm):
------------------------------
  Node count: 100 - No results file found

==========================================
All results saved to: /mnt/School/1_Temple/fall25/independentStudy/fall25_independentStudy/test_results/matrix/download_warm_n100_i10
==========================================

  Summary report: /mnt/School/1_Temple/fall25/independentStudy/fall25_independentStudy/test_results/matrix/download_warm_n100_i10/summary_report.txt

==========================================
Test Suite Complete!
==========================================
Results directory: /mnt/School/1_Temple/fall25/independentStudy/fall25_independentStudy/test_results/matrix/download_warm_n100_i10

Files generated:
  - upload_n<N>_batch<B>.csv: Upload latency results (N nodes, batch size B)
  - upload_network_bytes.csv: Network bytes transferred during upload (system,payload_size,batch_size,bytes_transferred)
  - download_n<N>_cold.csv, download_n<N>_warm.csv: Download latency results (cold/warm cache)
  - upload_aggregated.csv: All upload results combined
  - download_aggregated.csv: system,node_count,payload_size,iteration,cache_mode,ttfb_ms,total_ms,lookup_type
  - network_hops_results.csv: DHT lookup hops per operation (when available)
  - storage_efficiency_results.csv: disk_bytes, efficiency_ratio per system (when available)
  - replication_results.csv: system,payload_size,nodes,replicas_target,time_to_R_s[,replication_bytes] (when available)
  - replication_distribution.csv: system,node_count,near,midrange,farflung (N/M/F vs Swarm N/A)
  - repair_time_results.csv: system,node_count,repair_time_s (when available)
  - concurrent_results.csv: system,concurrent_writes,concurrent_reads,throughput_mbps,p99_latency_ms (when available)
  - lookup_latency_n<N>.csv: isolated lookup latency (token vs TTFB proxy)
  - lookup_complexity_results.csv: system,node_count,operation,hops (O(log N) regression)
  - routing_overhead_results.csv: system,operation,message_count,overhead_type (token vs provider announce)
  - resource_usage.csv: CPU/memory samples during tests (when available)
  - resource_usage_upload_n<N>.csv: CPU/memory during upload phase only, per node count
  - summary_report.txt: Test summary report


[0;34mCleaning up containers...[0m
  Cleanup complete
[0;32mAll tests complete![0m

[0;34mCleaning up containers...[0m
  Cleanup complete
=== 2026-03-25T23:30:30-04:00 === run_single_comparison.sh --test lookup_latency --nodes 50 --iterations 10
Matrix cell output: /mnt/School/1_Temple/fall25/independentStudy/fall25_independentStudy/test_results/matrix/lookup_latency_n50_i10
Output directory: /mnt/School/1_Temple/fall25/independentStudy/fall25_independentStudy/test_results/matrix/lookup_latency_n50_i10
==========================================
Swarm Comparison Test Suite
==========================================
Node counts: 50
Payload sizes: 1024 10240 102400 1048576 bytes
Batch sizes (upload): 1 5
Iterations per test: 10
Per-test timeout: 5400s (default or auto: 5400/7200/7200s for max N 50/100/500)
Tests (filtered): lookup_latency
Output directory: /mnt/School/1_Temple/fall25/independentStudy/fall25_independentStudy/test_results/matrix/lookup_latency_n50_i10


==========================================
Testing with 50 nodes
==========================================
  [0;36mEnsuring clean state...[0m

[0;34mStep 1: Starting vn-IPFS...[0m

[0;34mStep 1b: Starting Swarm...[0m
  [0;32mBoth networks started (sequential)[0m

[0;34mStep 2: Waiting for both systems to be healthy...[0m
  [0;36mWaiting for our_system to stabilize (N=50, max 150s)...[0m
    our_system ready after 1s
  [0;36mWaiting for swarm to stabilize (N=50, max 180s)...[0m
    swarm ready after 2s
  [0;36mExtra post-stabilization wait: 15s (large cluster)[0m

[0;34mStep 2b: C.2 verification (replication integration)...[0m
  [0;36mC.2 verify cap: 90s[0m
  C.2 verify: starting...
  C.2 verify: using container=fall25-bootstrap addr=[::]:9400
  C.2 verify: PUT request...
  C.2 verify: polling /replication/status...
  Terminated
  [1;33mC.2 verification had errors or timed out, continuing...[0m
  [0;32mResource monitor started (PID 3093532)[0m

[0;34mStep 4c: Running lookup latency test...[0m

[0;32mRunning lookup latency test (isolated token vs provider discovery)...[0m
  [0;36m  [timeout cap 5400s][0m /mnt/School/1_Temple/fall25/independentStudy/fall25_independentStudy/scripts/tests/swarm_comparison/lookup_latency_test.sh --iterations 10 --output /mnt/School/1_Temple/fall25/independentStudy/fall25_independentStudy/test_results/matrix/lookup_latency_n50_i10/lookup_latency_n50.csv
  Lookup latency test (isolated: token routing vs provider discovery)
    vn-IPFS: /lookup (GetToken only). Swarm: TTFB as lookup proxy.
    our=http://[::]:9400 swarm=http://127.0.0.1:8500 iterations=10
    Output: /mnt/School/1_Temple/fall25/independentStudy/fall25_independentStudy/test_results/matrix/lookup_latency_n50_i10/lookup_latency_n50.csv
  
  [0;32mOur system (token routing, isolated lookup)...[0m
      1: 15000ms, hops=0
      2: 15000ms, hops=0
      3: 15000ms, hops=0
      4: 15001ms, hops=0
      5: 15000ms, hops=0
      6: 36972ms, hops=0
      7: 17958ms, hops=0
      8: 15000ms, hops=0
      9: 15000ms, hops=0
      10: 15000ms, hops=0
  
  [0;32mSwarm (provider discovery, TTFB as lookup proxy)...[0m
      1: 1.914000ms (TTFB proxy)
      2: 1.185000ms (TTFB proxy)
      3: 1.096000ms (TTFB proxy)
      4: 1.091000ms (TTFB proxy)
      5: 1.168000ms (TTFB proxy)
      6: 1.318000ms (TTFB proxy)
      7: 1.177000ms (TTFB proxy)
      8: .946000ms (TTFB proxy)
      9: .739000ms (TTFB proxy)
      10: .780000ms (TTFB proxy)
  
  Results: /mnt/School/1_Temple/fall25/independentStudy/fall25_independentStudy/test_results/matrix/lookup_latency_n50_i10/lookup_latency_n50.csv
  system,iteration,lookup_latency_ms,network_hops,lookup_type
  our_system,1,15000,0,key
  our_system,2,15000,0,key
  our_system,3,15000,0,key
  our_system,4,15001,0,key
  our_system,5,15000,0,key
  our_system,6,36972,0,key
  our_system,7,17958,0,key
  our_system,8,15000,0,key
  our_system,9,15000,0,key
  our_system,10,15000,0,key
  swarm,1,1.914000,N/A,cid
  swarm,2,1.185000,N/A,cid
  swarm,3,1.096000,N/A,cid
  swarm,4,1.091000,N/A,cid
  swarm,5,1.168000,N/A,cid
  swarm,6,1.318000,N/A,cid
  swarm,7,1.177000,N/A,cid
  swarm,8,.946000,N/A,cid
  swarm,9,.739000,N/A,cid
  swarm,10,.780000,N/A,cid
  [0;32m✓ Lookup latency test complete: /mnt/School/1_Temple/fall25/independentStudy/fall25_independentStudy/test_results/matrix/lookup_latency_n50_i10/lookup_latency_n50.csv[0m

[0;32mResource monitor stopped[0m

[0;34mAggregating results...[0m
  Aggregated upload results: /mnt/School/1_Temple/fall25/independentStudy/fall25_independentStudy/test_results/matrix/lookup_latency_n50_i10/upload_aggregated.csv
  Aggregated download results: /mnt/School/1_Temple/fall25/independentStudy/fall25_independentStudy/test_results/matrix/lookup_latency_n50_i10/download_aggregated.csv

[0;34mGenerating summary report...[0m
==========================================
Swarm Comparison Test Summary Report
==========================================
Generated: Thu Mar 26 12:05:16 AM EDT 2026

Test Configuration:
  Node counts: 50
  Payload sizes: 1024 10240 102400 1048576 bytes
  Iterations per test: 10

Upload Latency Test Results:
----------------------------
  Node count: 50 - No results file found

Download Latency Test Results (cold and warm):
------------------------------
  Node count: 50 - No results file found

==========================================
All results saved to: /mnt/School/1_Temple/fall25/independentStudy/fall25_independentStudy/test_results/matrix/lookup_latency_n50_i10
==========================================

  Summary report: /mnt/School/1_Temple/fall25/independentStudy/fall25_independentStudy/test_results/matrix/lookup_latency_n50_i10/summary_report.txt

==========================================
Test Suite Complete!
==========================================
Results directory: /mnt/School/1_Temple/fall25/independentStudy/fall25_independentStudy/test_results/matrix/lookup_latency_n50_i10

Files generated:
  - upload_n<N>_batch<B>.csv: Upload latency results (N nodes, batch size B)
  - upload_network_bytes.csv: Network bytes transferred during upload (system,payload_size,batch_size,bytes_transferred)
  - download_n<N>_cold.csv, download_n<N>_warm.csv: Download latency results (cold/warm cache)
  - upload_aggregated.csv: All upload results combined
  - download_aggregated.csv: system,node_count,payload_size,iteration,cache_mode,ttfb_ms,total_ms,lookup_type
  - network_hops_results.csv: DHT lookup hops per operation (when available)
  - storage_efficiency_results.csv: disk_bytes, efficiency_ratio per system (when available)
  - replication_results.csv: system,payload_size,nodes,replicas_target,time_to_R_s[,replication_bytes] (when available)
  - replication_distribution.csv: system,node_count,near,midrange,farflung (N/M/F vs Swarm N/A)
  - repair_time_results.csv: system,node_count,repair_time_s (when available)
  - concurrent_results.csv: system,concurrent_writes,concurrent_reads,throughput_mbps,p99_latency_ms (when available)
  - lookup_latency_n<N>.csv: isolated lookup latency (token vs TTFB proxy)
  - lookup_complexity_results.csv: system,node_count,operation,hops (O(log N) regression)
  - routing_overhead_results.csv: system,operation,message_count,overhead_type (token vs provider announce)
  - resource_usage.csv: CPU/memory samples during tests (when available)
  - resource_usage_upload_n<N>.csv: CPU/memory during upload phase only, per node count
  - summary_report.txt: Test summary report


[0;34mCleaning up containers...[0m
  Cleanup complete
[0;32mAll tests complete![0m

[0;34mCleaning up containers...[0m
  Cleanup complete
=== 2026-03-26T00:05:17-04:00 === run_single_comparison.sh --test lookup_latency --nodes 100 --iterations 10
Matrix cell output: /mnt/School/1_Temple/fall25/independentStudy/fall25_independentStudy/test_results/matrix/lookup_latency_n100_i10
Output directory: /mnt/School/1_Temple/fall25/independentStudy/fall25_independentStudy/test_results/matrix/lookup_latency_n100_i10
==========================================
Swarm Comparison Test Suite
==========================================
Node counts: 100
Payload sizes: 1024 10240 102400 1048576 bytes
Batch sizes (upload): 1 5
Iterations per test: 10
Per-test timeout: 7200s (default or auto: 5400/7200/7200s for max N 50/100/500)
Tests (filtered): lookup_latency
Output directory: /mnt/School/1_Temple/fall25/independentStudy/fall25_independentStudy/test_results/matrix/lookup_latency_n100_i10


==========================================
Testing with 100 nodes
==========================================
  [0;36mEnsuring clean state...[0m

[0;34mStep 1: Starting vn-IPFS...[0m

[0;34mStep 1b: Starting Swarm...[0m
  [0;32mBoth networks started (sequential)[0m

[0;34mStep 2: Waiting for both systems to be healthy...[0m
  [0;36mWaiting for our_system to stabilize (N=100, max 210s)...[0m
    our_system ready after 1s
  [0;36mWaiting for swarm to stabilize (N=100, max 240s)...[0m
    swarm ready after 1s
  [0;36mExtra post-stabilization wait: 25s (large cluster)[0m

[0;34mStep 2b: C.2 verification (replication integration)...[0m
  [0;36mC.2 verify cap: 120s[0m
  C.2 verify: starting...
  C.2 verify: using container=fall25-bootstrap addr=[::]:9400
  C.2 verify: PUT request...
  C.2 verify: polling /replication/status...
  C.2 verify: replica_count=1 after 10s (expected >=2)
  [1;33mC.2 verification had errors or timed out, continuing...[0m
  [0;32mResource monitor started (PID 725136)[0m

[0;34mStep 4c: Running lookup latency test...[0m

[0;32mRunning lookup latency test (isolated token vs provider discovery)...[0m
  [0;36m  [timeout cap 7200s][0m /mnt/School/1_Temple/fall25/independentStudy/fall25_independentStudy/scripts/tests/swarm_comparison/lookup_latency_test.sh --iterations 10 --output /mnt/School/1_Temple/fall25/independentStudy/fall25_independentStudy/test_results/matrix/lookup_latency_n100_i10/lookup_latency_n100.csv
  Lookup latency test (isolated: token routing vs provider discovery)
    vn-IPFS: /lookup (GetToken only). Swarm: TTFB as lookup proxy.
    our=http://[::]:9400 swarm=http://127.0.0.1:8500 iterations=10
    Output: /mnt/School/1_Temple/fall25/independentStudy/fall25_independentStudy/test_results/matrix/lookup_latency_n100_i10/lookup_latency_n100.csv
  
  [0;32mOur system (token routing, isolated lookup)...[0m
      1: 15000ms, hops=0
      2: 15000ms, hops=0
      3: 15000ms, hops=0
      4: 15000ms, hops=0
      5: 32021ms, hops=0
      6: 15000ms, hops=0
      7: 15000ms, hops=0
      8: 15000ms, hops=0
      9: 15000ms, hops=0
      10: 21062ms, hops=0
  
  [0;32mSwarm (provider discovery, TTFB as lookup proxy)...[0m
      1: 4.297000ms (TTFB proxy)
      2: 4.394000ms (TTFB proxy)
      3: 3.086000ms (TTFB proxy)
      4: 2.605000ms (TTFB proxy)
      5: 2.488000ms (TTFB proxy)
      6: 4.192000ms (TTFB proxy)
      7: 3.692000ms (TTFB proxy)
      8: 2.701000ms (TTFB proxy)
      9: 2.878000ms (TTFB proxy)
      10: 3.452000ms (TTFB proxy)
  
  Results: /mnt/School/1_Temple/fall25/independentStudy/fall25_independentStudy/test_results/matrix/lookup_latency_n100_i10/lookup_latency_n100.csv
  system,iteration,lookup_latency_ms,network_hops,lookup_type
  our_system,1,15000,0,key
  our_system,2,15000,0,key
  our_system,3,15000,0,key
  our_system,4,15000,0,key
  our_system,5,32021,0,key
  our_system,6,15000,0,key
  our_system,7,15000,0,key
  our_system,8,15000,0,key
  our_system,9,15000,0,key
  our_system,10,21062,0,key
  swarm,1,4.297000,N/A,cid
  swarm,2,4.394000,N/A,cid
  swarm,3,3.086000,N/A,cid
  swarm,4,2.605000,N/A,cid
  swarm,5,2.488000,N/A,cid
  swarm,6,4.192000,N/A,cid
  swarm,7,3.692000,N/A,cid
  swarm,8,2.701000,N/A,cid
  swarm,9,2.878000,N/A,cid
  swarm,10,3.452000,N/A,cid
  [0;32m✓ Lookup latency test complete: /mnt/School/1_Temple/fall25/independentStudy/fall25_independentStudy/test_results/matrix/lookup_latency_n100_i10/lookup_latency_n100.csv[0m

[0;32mResource monitor stopped[0m

[0;34mAggregating results...[0m
  Aggregated upload results: /mnt/School/1_Temple/fall25/independentStudy/fall25_independentStudy/test_results/matrix/lookup_latency_n100_i10/upload_aggregated.csv
  Aggregated download results: /mnt/School/1_Temple/fall25/independentStudy/fall25_independentStudy/test_results/matrix/lookup_latency_n100_i10/download_aggregated.csv

[0;34mGenerating summary report...[0m
==========================================
Swarm Comparison Test Summary Report
==========================================
Generated: Thu Mar 26 12:55:30 AM EDT 2026

Test Configuration:
  Node counts: 100
  Payload sizes: 1024 10240 102400 1048576 bytes
  Iterations per test: 10

Upload Latency Test Results:
----------------------------
  Node count: 100 - No results file found

Download Latency Test Results (cold and warm):
------------------------------
  Node count: 100 - No results file found

==========================================
All results saved to: /mnt/School/1_Temple/fall25/independentStudy/fall25_independentStudy/test_results/matrix/lookup_latency_n100_i10
==========================================

  Summary report: /mnt/School/1_Temple/fall25/independentStudy/fall25_independentStudy/test_results/matrix/lookup_latency_n100_i10/summary_report.txt

==========================================
Test Suite Complete!
==========================================
Results directory: /mnt/School/1_Temple/fall25/independentStudy/fall25_independentStudy/test_results/matrix/lookup_latency_n100_i10

Files generated:
  - upload_n<N>_batch<B>.csv: Upload latency results (N nodes, batch size B)
  - upload_network_bytes.csv: Network bytes transferred during upload (system,payload_size,batch_size,bytes_transferred)
  - download_n<N>_cold.csv, download_n<N>_warm.csv: Download latency results (cold/warm cache)
  - upload_aggregated.csv: All upload results combined
  - download_aggregated.csv: system,node_count,payload_size,iteration,cache_mode,ttfb_ms,total_ms,lookup_type
  - network_hops_results.csv: DHT lookup hops per operation (when available)
  - storage_efficiency_results.csv: disk_bytes, efficiency_ratio per system (when available)
  - replication_results.csv: system,payload_size,nodes,replicas_target,time_to_R_s[,replication_bytes] (when available)
  - replication_distribution.csv: system,node_count,near,midrange,farflung (N/M/F vs Swarm N/A)
  - repair_time_results.csv: system,node_count,repair_time_s (when available)
  - concurrent_results.csv: system,concurrent_writes,concurrent_reads,throughput_mbps,p99_latency_ms (when available)
  - lookup_latency_n<N>.csv: isolated lookup latency (token vs TTFB proxy)
  - lookup_complexity_results.csv: system,node_count,operation,hops (O(log N) regression)
  - routing_overhead_results.csv: system,operation,message_count,overhead_type (token vs provider announce)
  - resource_usage.csv: CPU/memory samples during tests (when available)
  - resource_usage_upload_n<N>.csv: CPU/memory during upload phase only, per node count
  - summary_report.txt: Test summary report


[0;34mCleaning up containers...[0m
  Cleanup complete
[0;32mAll tests complete![0m

[0;34mCleaning up containers...[0m
  Stopping vn-IPFS/our system...
  Cleanup complete
=== 2026-03-26T00:55:33-04:00 === run_single_comparison.sh --test lookup_complexity --nodes 50 --iterations 10
Matrix cell output: /mnt/School/1_Temple/fall25/independentStudy/fall25_independentStudy/test_results/matrix/lookup_complexity_n50_i10
Output directory: /mnt/School/1_Temple/fall25/independentStudy/fall25_independentStudy/test_results/matrix/lookup_complexity_n50_i10
==========================================
Swarm Comparison Test Suite
==========================================
Node counts: 50
Payload sizes: 1024 10240 102400 1048576 bytes
Batch sizes (upload): 1 5
Iterations per test: 10
Per-test timeout: 5400s (default or auto: 5400/7200/7200s for max N 50/100/500)
Tests (filtered): lookup_complexity
Output directory: /mnt/School/1_Temple/fall25/independentStudy/fall25_independentStudy/test_results/matrix/lookup_complexity_n50_i10


==========================================
Testing with 50 nodes
==========================================
  [0;36mEnsuring clean state...[0m

[0;34mStep 1: Starting vn-IPFS...[0m
  [0;32mvn-IPFS started (Swarm skipped for lookup_complexity-only run)[0m

[0;34mStep 2: Waiting for both systems to be healthy...[0m
  [0;36mWaiting for our_system to stabilize (N=50, max 150s)...[0m
    our_system ready after 1s
  [0;36mExtra post-stabilization wait: 15s (large cluster)[0m

[0;34mStep 2b: C.2 verification (replication integration)...[0m
  [0;36mC.2 verify cap: 90s[0m
  C.2 verify: starting...
  C.2 verify: using container=fall25-bootstrap addr=[::]:9400
  C.2 verify: PUT request...
  C.2 verify: polling /replication/status...
  [1;33mC.2 verification had errors or timed out, continuing...[0m
  [0;32mResource monitor started (PID 1428964)[0m

[0;34mStep 5d: Running lookup complexity test (O(log N))...[0m
  [0;36mWaiting 35s for DHT to stabilize before cold lookup...[0m

[0;32mRunning lookup complexity test (N=50, hops vs log N)...[0m
  [0;36m  [timeout cap 5400s][0m /mnt/School/1_Temple/fall25/independentStudy/fall25_independentStudy/scripts/tests/swarm_comparison/lookup_complexity_test.sh --node-count 50 --iterations 10 --output /mnt/School/1_Temple/fall25/independentStudy/fall25_independentStudy/test_results/matrix/lookup_complexity_n50_i10/lookup_complexity_results.csv
  ==========================================
  Lookup Complexity Test (O(log N) verification)
  ==========================================
  Put: fall25-bootstrap | Lookup: cold (one-off container, fresh DHT)
  Node count: 50 | Iterations: 10
  Output: /mnt/School/1_Temple/fall25/independentStudy/fall25_independentStudy/test_results/matrix/lookup_complexity_n50_i10/lookup_complexity_results.csv
  
    Waiting 25s for DHT to stabilize before cold lookup...
  
  Results: /mnt/School/1_Temple/fall25/independentStudy/fall25_independentStudy/test_results/matrix/lookup_complexity_n50_i10/lookup_complexity_results.csv
    Format: system,node_count,operation,hops,lookup_type
  [0;32m✓ Lookup complexity: /mnt/School/1_Temple/fall25/independentStudy/fall25_independentStudy/test_results/matrix/lookup_complexity_n50_i10/lookup_complexity_results.csv[0m

[0;32mResource monitor stopped[0m

[0;34mAggregating results...[0m
  Aggregated upload results: /mnt/School/1_Temple/fall25/independentStudy/fall25_independentStudy/test_results/matrix/lookup_complexity_n50_i10/upload_aggregated.csv
  Aggregated download results: /mnt/School/1_Temple/fall25/independentStudy/fall25_independentStudy/test_results/matrix/lookup_complexity_n50_i10/download_aggregated.csv

[0;34mGenerating summary report...[0m
==========================================
Swarm Comparison Test Summary Report
==========================================
Generated: Thu Mar 26 01:26:08 AM EDT 2026

Test Configuration:
  Node counts: 50
  Payload sizes: 1024 10240 102400 1048576 bytes
  Iterations per test: 10

Upload Latency Test Results:
----------------------------
  Node count: 50 - No results file found

Download Latency Test Results (cold and warm):
------------------------------
  Node count: 50 - No results file found

==========================================
All results saved to: /mnt/School/1_Temple/fall25/independentStudy/fall25_independentStudy/test_results/matrix/lookup_complexity_n50_i10
==========================================

  Summary report: /mnt/School/1_Temple/fall25/independentStudy/fall25_independentStudy/test_results/matrix/lookup_complexity_n50_i10/summary_report.txt

==========================================
Test Suite Complete!
==========================================
Results directory: /mnt/School/1_Temple/fall25/independentStudy/fall25_independentStudy/test_results/matrix/lookup_complexity_n50_i10

Files generated:
  - upload_n<N>_batch<B>.csv: Upload latency results (N nodes, batch size B)
  - upload_network_bytes.csv: Network bytes transferred during upload (system,payload_size,batch_size,bytes_transferred)
  - download_n<N>_cold.csv, download_n<N>_warm.csv: Download latency results (cold/warm cache)
  - upload_aggregated.csv: All upload results combined
  - download_aggregated.csv: system,node_count,payload_size,iteration,cache_mode,ttfb_ms,total_ms,lookup_type
  - network_hops_results.csv: DHT lookup hops per operation (when available)
  - storage_efficiency_results.csv: disk_bytes, efficiency_ratio per system (when available)
  - replication_results.csv: system,payload_size,nodes,replicas_target,time_to_R_s[,replication_bytes] (when available)
  - replication_distribution.csv: system,node_count,near,midrange,farflung (N/M/F vs Swarm N/A)
  - repair_time_results.csv: system,node_count,repair_time_s (when available)
  - concurrent_results.csv: system,concurrent_writes,concurrent_reads,throughput_mbps,p99_latency_ms (when available)
  - lookup_latency_n<N>.csv: isolated lookup latency (token vs TTFB proxy)
  - lookup_complexity_results.csv: system,node_count,operation,hops (O(log N) regression)
  - routing_overhead_results.csv: system,operation,message_count,overhead_type (token vs provider announce)
  - resource_usage.csv: CPU/memory samples during tests (when available)
  - resource_usage_upload_n<N>.csv: CPU/memory during upload phase only, per node count
  - summary_report.txt: Test summary report


[0;34mCleaning up containers...[0m
  Cleanup complete
[0;32mAll tests complete![0m

[0;34mCleaning up containers...[0m
  Cleanup complete
=== 2026-03-26T01:26:08-04:00 === run_single_comparison.sh --test lookup_complexity --nodes 100 --iterations 10
Matrix cell output: /mnt/School/1_Temple/fall25/independentStudy/fall25_independentStudy/test_results/matrix/lookup_complexity_n100_i10
Output directory: /mnt/School/1_Temple/fall25/independentStudy/fall25_independentStudy/test_results/matrix/lookup_complexity_n100_i10
==========================================
Swarm Comparison Test Suite
==========================================
Node counts: 100
Payload sizes: 1024 10240 102400 1048576 bytes
Batch sizes (upload): 1 5
Iterations per test: 10
Per-test timeout: 7200s (default or auto: 5400/7200/7200s for max N 50/100/500)
Tests (filtered): lookup_complexity
Output directory: /mnt/School/1_Temple/fall25/independentStudy/fall25_independentStudy/test_results/matrix/lookup_complexity_n100_i10


==========================================
Testing with 100 nodes
==========================================
  [0;36mEnsuring clean state...[0m

[0;34mStep 1: Starting vn-IPFS...[0m
[0;31mvn-IPFS failed to start. Log: /mnt/School/1_Temple/fall25/independentStudy/fall25_independentStudy/test_results/matrix/lookup_complexity_n100_i10/our_startup_n100.log[0m

[0;34mCleaning up containers...[0m
  Cleanup complete

[0;34mAggregating results...[0m
  Aggregated upload results: /mnt/School/1_Temple/fall25/independentStudy/fall25_independentStudy/test_results/matrix/lookup_complexity_n100_i10/upload_aggregated.csv
  Aggregated download results: /mnt/School/1_Temple/fall25/independentStudy/fall25_independentStudy/test_results/matrix/lookup_complexity_n100_i10/download_aggregated.csv

[0;34mGenerating summary report...[0m
==========================================
Swarm Comparison Test Summary Report
==========================================
Generated: Thu Mar 26 02:07:07 AM EDT 2026

Test Configuration:
  Node counts: 100
  Payload sizes: 1024 10240 102400 1048576 bytes
  Iterations per test: 10

Upload Latency Test Results:
----------------------------
  Node count: 100 - No results file found

Download Latency Test Results (cold and warm):
------------------------------
  Node count: 100 - No results file found

==========================================
All results saved to: /mnt/School/1_Temple/fall25/independentStudy/fall25_independentStudy/test_results/matrix/lookup_complexity_n100_i10
==========================================

  Summary report: /mnt/School/1_Temple/fall25/independentStudy/fall25_independentStudy/test_results/matrix/lookup_complexity_n100_i10/summary_report.txt

==========================================
Test Suite Complete!
==========================================
Results directory: /mnt/School/1_Temple/fall25/independentStudy/fall25_independentStudy/test_results/matrix/lookup_complexity_n100_i10

Files generated:
  - upload_n<N>_batch<B>.csv: Upload latency results (N nodes, batch size B)
  - upload_network_bytes.csv: Network bytes transferred during upload (system,payload_size,batch_size,bytes_transferred)
  - download_n<N>_cold.csv, download_n<N>_warm.csv: Download latency results (cold/warm cache)
  - upload_aggregated.csv: All upload results combined
  - download_aggregated.csv: system,node_count,payload_size,iteration,cache_mode,ttfb_ms,total_ms,lookup_type
  - network_hops_results.csv: DHT lookup hops per operation (when available)
  - storage_efficiency_results.csv: disk_bytes, efficiency_ratio per system (when available)
  - replication_results.csv: system,payload_size,nodes,replicas_target,time_to_R_s[,replication_bytes] (when available)
  - replication_distribution.csv: system,node_count,near,midrange,farflung (N/M/F vs Swarm N/A)
  - repair_time_results.csv: system,node_count,repair_time_s (when available)
  - concurrent_results.csv: system,concurrent_writes,concurrent_reads,throughput_mbps,p99_latency_ms (when available)
  - lookup_latency_n<N>.csv: isolated lookup latency (token vs TTFB proxy)
  - lookup_complexity_results.csv: system,node_count,operation,hops (O(log N) regression)
  - routing_overhead_results.csv: system,operation,message_count,overhead_type (token vs provider announce)
  - resource_usage.csv: CPU/memory samples during tests (when available)
  - resource_usage_upload_n<N>.csv: CPU/memory during upload phase only, per node count
  - summary_report.txt: Test summary report


[0;34mCleaning up containers...[0m
  Cleanup complete
[0;32mAll tests complete![0m

[0;34mCleaning up containers...[0m
  Cleanup complete
=== 2026-03-26T02:07:08-04:00 === run_single_comparison.sh --test replication --nodes 50 --iterations 10
Matrix cell output: /mnt/School/1_Temple/fall25/independentStudy/fall25_independentStudy/test_results/matrix/replication_n50_i10
Output directory: /mnt/School/1_Temple/fall25/independentStudy/fall25_independentStudy/test_results/matrix/replication_n50_i10
==========================================
Swarm Comparison Test Suite
==========================================
Node counts: 50
Payload sizes: 1024 10240 102400 1048576 bytes
Batch sizes (upload): 1 5
Iterations per test: 10
Per-test timeout: 5400s (default or auto: 5400/7200/7200s for max N 50/100/500)
Tests (filtered): replication
Output directory: /mnt/School/1_Temple/fall25/independentStudy/fall25_independentStudy/test_results/matrix/replication_n50_i10


==========================================
Testing with 50 nodes
==========================================
  [0;36mEnsuring clean state...[0m

[0;34mStep 1: Starting vn-IPFS...[0m

[0;34mStep 1b: Starting Swarm...[0m
  [0;32mBoth networks started (sequential)[0m

[0;34mStep 2: Waiting for both systems to be healthy...[0m
  [0;36mWaiting for our_system to stabilize (N=50, max 150s)...[0m
    our_system ready after 1s
  [0;36mWaiting for swarm to stabilize (N=50, max 180s)...[0m
    swarm ready after 5s
  [0;36mExtra post-stabilization wait: 15s (large cluster)[0m

[0;34mStep 2b: C.2 verification (replication integration)...[0m
  [0;36mC.2 verify cap: 90s[0m
  C.2 verify: starting...
  C.2 verify: using container=fall25-bootstrap addr=[::]:9400
  C.2 verify: PUT request...
  C.2 verify: polling /replication/status...
  C.2 verify: replica_count=1 after 10s (expected >=2)
  [1;33mC.2 verification had errors or timed out, continuing...[0m
  [0;32mResource monitor started (PID 137667)[0m

[0;34mStep 5e: Running replication speed test (time to R replicas)...[0m

[0;32mRunning replication speed test (N=50)...[0m
  [0;36m  [timeout cap 5400s][0m /mnt/School/1_Temple/fall25/independentStudy/fall25_independentStudy/scripts/tests/swarm_comparison/replication_test.sh --payload-size 65536 --replicas-target 2 --timeout 120 --node-count 50 --output /mnt/School/1_Temple/fall25/independentStudy/fall25_independentStudy/test_results/matrix/replication_n50_i10/replication_results.csv --record-overhead
  [0;34mReplication Speed Test[0m
    Payload size: 65536 bytes
    Replicas target: 2
    Timeout: 120s, poll interval: 2s
  
  [0;32mOur system: put and poll /replication/status until R >= 2[0m
    Key: 7c54b8e6baeb6edb97e13fadfd042e4f9e5d7d7b709d5578b0b3333888c7c401
    Triggering repair: GET from fall25-node40 (cold)...
    Poll: replica_count=1 (73.80s)... 
    Poll: replica_count=1 (77.15s)... 
    Poll: replica_count=1 (82.19s)... 
    Poll: replica_count=1 (87.21s)... 
    Poll: replica_count=1 (89.32s)... 
    Poll: replica_count=1 (91.44s)... 
    Poll: replica_count=1 (93.54s)... 
    Poll: replica_count=1 (95.62s)... 
    Poll: replica_count=1 (97.70s)... 
    Poll: replica_count=1 (99.78s)... 
    Poll: replica_count=1 (101.93s)... 
    Poll: replica_count=1 (104.05s)... 
    Poll: replica_count=1 (106.18s)... 
    Poll: replica_count=1 (108.25s)... 
    Poll: replica_count=1 (110.39s)... 
    Poll: replica_count=1 (112.51s)... 
    Poll: replica_count=1 (119.65s)... 
    [1;33mTimeout after 120s (last count: 1)[0m
    [0;31mC.3 verification failed: time_to_R=TIMEOUT (expected numeric or target reached)[0m
  [0;31m  <<< command failed (exit 1): /mnt/School/1_Temple/fall25/independentStudy/fall25_independentStudy/scripts/tests/swarm_comparison/replication_test.sh --payload-size 65536 --replicas-target 2 --timeout 120 --node-count 50 --output /mnt/School/1_Temple/fall25/independentStudy/fall25_independentStudy/test_results/matrix/replication_n50_i10/replication_results.csv --record-overhead >>>[0m
  [0;32m✓ Replication test complete: /mnt/School/1_Temple/fall25/independentStudy/fall25_independentStudy/test_results/matrix/replication_n50_i10/replication_results.csv[0m

[0;32mResource monitor stopped[0m

[0;34mAggregating results...[0m
  Aggregated upload results: /mnt/School/1_Temple/fall25/independentStudy/fall25_independentStudy/test_results/matrix/replication_n50_i10/upload_aggregated.csv
  Aggregated download results: /mnt/School/1_Temple/fall25/independentStudy/fall25_independentStudy/test_results/matrix/replication_n50_i10/download_aggregated.csv
  Replication results: /mnt/School/1_Temple/fall25/independentStudy/fall25_independentStudy/test_results/matrix/replication_n50_i10/replication_results.csv

[0;34mGenerating summary report...[0m
==========================================
Swarm Comparison Test Summary Report
==========================================
Generated: Thu Mar 26 02:38:50 AM EDT 2026

Test Configuration:
  Node counts: 50
  Payload sizes: 1024 10240 102400 1048576 bytes
  Iterations per test: 10

Upload Latency Test Results:
----------------------------
  Node count: 50 - No results file found

Download Latency Test Results (cold and warm):
------------------------------
  Node count: 50 - No results file found

Replication Speed Test Results:
-------------------------------
  Results file: replication_results.csv
    our_system: time_to_R=TIMEOUT,1798097635 (target R=2, payload=65536, nodes=50)

==========================================
All results saved to: /mnt/School/1_Temple/fall25/independentStudy/fall25_independentStudy/test_results/matrix/replication_n50_i10
==========================================

  Summary report: /mnt/School/1_Temple/fall25/independentStudy/fall25_independentStudy/test_results/matrix/replication_n50_i10/summary_report.txt

==========================================
Test Suite Complete!
==========================================
Results directory: /mnt/School/1_Temple/fall25/independentStudy/fall25_independentStudy/test_results/matrix/replication_n50_i10

Files generated:
  - upload_n<N>_batch<B>.csv: Upload latency results (N nodes, batch size B)
  - upload_network_bytes.csv: Network bytes transferred during upload (system,payload_size,batch_size,bytes_transferred)
  - download_n<N>_cold.csv, download_n<N>_warm.csv: Download latency results (cold/warm cache)
  - upload_aggregated.csv: All upload results combined
  - download_aggregated.csv: system,node_count,payload_size,iteration,cache_mode,ttfb_ms,total_ms,lookup_type
  - network_hops_results.csv: DHT lookup hops per operation (when available)
  - storage_efficiency_results.csv: disk_bytes, efficiency_ratio per system (when available)
  - replication_results.csv: system,payload_size,nodes,replicas_target,time_to_R_s[,replication_bytes] (when available)
  - replication_distribution.csv: system,node_count,near,midrange,farflung (N/M/F vs Swarm N/A)
  - repair_time_results.csv: system,node_count,repair_time_s (when available)
  - concurrent_results.csv: system,concurrent_writes,concurrent_reads,throughput_mbps,p99_latency_ms (when available)
  - lookup_latency_n<N>.csv: isolated lookup latency (token vs TTFB proxy)
  - lookup_complexity_results.csv: system,node_count,operation,hops (O(log N) regression)
  - routing_overhead_results.csv: system,operation,message_count,overhead_type (token vs provider announce)
  - resource_usage.csv: CPU/memory samples during tests (when available)
  - resource_usage_upload_n<N>.csv: CPU/memory during upload phase only, per node count
  - summary_report.txt: Test summary report


[0;34mCleaning up containers...[0m
  Cleanup complete
[0;32mAll tests complete![0m

[0;34mCleaning up containers...[0m
  Cleanup complete
=== 2026-03-26T02:38:50-04:00 === run_single_comparison.sh --test replication --nodes 100 --iterations 10
Matrix cell output: /mnt/School/1_Temple/fall25/independentStudy/fall25_independentStudy/test_results/matrix/replication_n100_i10
Output directory: /mnt/School/1_Temple/fall25/independentStudy/fall25_independentStudy/test_results/matrix/replication_n100_i10
==========================================
Swarm Comparison Test Suite
==========================================
Node counts: 100
Payload sizes: 1024 10240 102400 1048576 bytes
Batch sizes (upload): 1 5
Iterations per test: 10
Per-test timeout: 7200s (default or auto: 5400/7200/7200s for max N 50/100/500)
Tests (filtered): replication
Output directory: /mnt/School/1_Temple/fall25/independentStudy/fall25_independentStudy/test_results/matrix/replication_n100_i10


==========================================
Testing with 100 nodes
==========================================
  [0;36mEnsuring clean state...[0m

[0;34mStep 1: Starting vn-IPFS...[0m

[0;34mStep 1b: Starting Swarm...[0m
[0;31mvn-IPFS failed to start. Log: /mnt/School/1_Temple/fall25/independentStudy/fall25_independentStudy/test_results/matrix/replication_n100_i10/our_startup_n100.log[0m

[0;34mCleaning up containers...[0m
  Cleanup complete

[0;34mAggregating results...[0m
  Aggregated upload results: /mnt/School/1_Temple/fall25/independentStudy/fall25_independentStudy/test_results/matrix/replication_n100_i10/upload_aggregated.csv
  Aggregated download results: /mnt/School/1_Temple/fall25/independentStudy/fall25_independentStudy/test_results/matrix/replication_n100_i10/download_aggregated.csv

[0;34mGenerating summary report...[0m
==========================================
Swarm Comparison Test Summary Report
==========================================
Generated: Thu Mar 26 03:23:21 AM EDT 2026

Test Configuration:
  Node counts: 100
  Payload sizes: 1024 10240 102400 1048576 bytes
  Iterations per test: 10

Upload Latency Test Results:
----------------------------
  Node count: 100 - No results file found

Download Latency Test Results (cold and warm):
------------------------------
  Node count: 100 - No results file found

==========================================
All results saved to: /mnt/School/1_Temple/fall25/independentStudy/fall25_independentStudy/test_results/matrix/replication_n100_i10
==========================================

  Summary report: /mnt/School/1_Temple/fall25/independentStudy/fall25_independentStudy/test_results/matrix/replication_n100_i10/summary_report.txt

==========================================
Test Suite Complete!
==========================================
Results directory: /mnt/School/1_Temple/fall25/independentStudy/fall25_independentStudy/test_results/matrix/replication_n100_i10

Files generated:
  - upload_n<N>_batch<B>.csv: Upload latency results (N nodes, batch size B)
  - upload_network_bytes.csv: Network bytes transferred during upload (system,payload_size,batch_size,bytes_transferred)
  - download_n<N>_cold.csv, download_n<N>_warm.csv: Download latency results (cold/warm cache)
  - upload_aggregated.csv: All upload results combined
  - download_aggregated.csv: system,node_count,payload_size,iteration,cache_mode,ttfb_ms,total_ms,lookup_type
  - network_hops_results.csv: DHT lookup hops per operation (when available)
  - storage_efficiency_results.csv: disk_bytes, efficiency_ratio per system (when available)
  - replication_results.csv: system,payload_size,nodes,replicas_target,time_to_R_s[,replication_bytes] (when available)
  - replication_distribution.csv: system,node_count,near,midrange,farflung (N/M/F vs Swarm N/A)
  - repair_time_results.csv: system,node_count,repair_time_s (when available)
  - concurrent_results.csv: system,concurrent_writes,concurrent_reads,throughput_mbps,p99_latency_ms (when available)
  - lookup_latency_n<N>.csv: isolated lookup latency (token vs TTFB proxy)
  - lookup_complexity_results.csv: system,node_count,operation,hops (O(log N) regression)
  - routing_overhead_results.csv: system,operation,message_count,overhead_type (token vs provider announce)
  - resource_usage.csv: CPU/memory samples during tests (when available)
  - resource_usage_upload_n<N>.csv: CPU/memory during upload phase only, per node count
  - summary_report.txt: Test summary report


[0;34mCleaning up containers...[0m
  Cleanup complete
[0;32mAll tests complete![0m

[0;34mCleaning up containers...[0m
  Cleanup complete
=== 2026-03-26T03:23:22-04:00 === run_single_comparison.sh --test replication_distribution --nodes 50 --iterations 10
Matrix cell output: /mnt/School/1_Temple/fall25/independentStudy/fall25_independentStudy/test_results/matrix/replication_distribution_n50_i10
Output directory: /mnt/School/1_Temple/fall25/independentStudy/fall25_independentStudy/test_results/matrix/replication_distribution_n50_i10
==========================================
Swarm Comparison Test Suite
==========================================
Node counts: 50
Payload sizes: 1024 10240 102400 1048576 bytes
Batch sizes (upload): 1 5
Iterations per test: 10
Per-test timeout: 5400s (default or auto: 5400/7200/7200s for max N 50/100/500)
Tests (filtered): replication_distribution
Output directory: /mnt/School/1_Temple/fall25/independentStudy/fall25_independentStudy/test_results/matrix/replication_distribution_n50_i10


==========================================
Testing with 50 nodes
==========================================
  [0;36mEnsuring clean state...[0m

[0;34mStep 1: Starting vn-IPFS...[0m

[0;34mStep 1b: Starting Swarm...[0m
  [0;32mBoth networks started (sequential)[0m

[0;34mStep 2: Waiting for both systems to be healthy...[0m
  [0;36mWaiting for our_system to stabilize (N=50, max 150s)...[0m
    our_system ready after 1s
  [0;36mWaiting for swarm to stabilize (N=50, max 180s)...[0m
    swarm ready after 1s
  [0;36mExtra post-stabilization wait: 15s (large cluster)[0m

[0;34mStep 2b: C.2 verification (replication integration)...[0m
  [0;36mC.2 verify cap: 90s[0m
  C.2 verify: starting...
  C.2 verify: using container=fall25-bootstrap addr=[::]:9400
  C.2 verify: PUT request...
  C.2 verify: polling /replication/status...
  C.2 verify: replica_count=1 after 10s (expected >=2)
  [1;33mC.2 verification had errors or timed out, continuing...[0m
  [0;32mResource monitor started (PID 2847736)[0m

[0;34mStep 5f: Running replication distribution test (N/M/F)...[0m
  Running replication distribution test (N=50)...
    [0;36m  [timeout cap 5400s][0m /mnt/School/1_Temple/fall25/independentStudy/fall25_independentStudy/scripts/tests/swarm_comparison/replication_distribution_test.sh --payload-size 65536 --replicas-target 2 --node-count 50 --output /mnt/School/1_Temple/fall25/independentStudy/fall25_independentStudy/test_results/matrix/replication_distribution_n50_i10/replication_distribution.csv
    [0;34mReplication Distribution Test (N/M/F vs Swarm)[0m
      Payload size: 65536, replicas target: 2
    
    [0;32mOur system: put done, waiting for R >= 2...[0m
      N/M/F: near=1, midrange=0, farflung=0
    
    [0;32mSwarm: chunk-based replication (no N/M/F)[0m
      Swarm uses chunk-based push sync; N/M/F not applicable.
    
    Results: /mnt/School/1_Temple/fall25/independentStudy/fall25_independentStudy/test_results/matrix/replication_distribution_n50_i10/replication_distribution.csv
    system,node_count,near,midrange,farflung
    our_system,50,1,0,0
    swarm,50,N/A,N/A,N/A
  [0;32m✓ Replication distribution: /mnt/School/1_Temple/fall25/independentStudy/fall25_independentStudy/test_results/matrix/replication_distribution_n50_i10/replication_distribution.csv[0m

[0;32mResource monitor stopped[0m

[0;34mAggregating results...[0m
  Aggregated upload results: /mnt/School/1_Temple/fall25/independentStudy/fall25_independentStudy/test_results/matrix/replication_distribution_n50_i10/upload_aggregated.csv
  Aggregated download results: /mnt/School/1_Temple/fall25/independentStudy/fall25_independentStudy/test_results/matrix/replication_distribution_n50_i10/download_aggregated.csv
  Replication distribution (N/M/F): /mnt/School/1_Temple/fall25/independentStudy/fall25_independentStudy/test_results/matrix/replication_distribution_n50_i10/replication_distribution.csv

[0;34mGenerating summary report...[0m
==========================================
Swarm Comparison Test Summary Report
==========================================
Generated: Thu Mar 26 03:58:44 AM EDT 2026

Test Configuration:
  Node counts: 50
  Payload sizes: 1024 10240 102400 1048576 bytes
  Iterations per test: 10

Upload Latency Test Results:
----------------------------
  Node count: 50 - No results file found

Download Latency Test Results (cold and warm):
------------------------------
  Node count: 50 - No results file found

==========================================
All results saved to: /mnt/School/1_Temple/fall25/independentStudy/fall25_independentStudy/test_results/matrix/replication_distribution_n50_i10
==========================================

  Summary report: /mnt/School/1_Temple/fall25/independentStudy/fall25_independentStudy/test_results/matrix/replication_distribution_n50_i10/summary_report.txt

==========================================
Test Suite Complete!
==========================================
Results directory: /mnt/School/1_Temple/fall25/independentStudy/fall25_independentStudy/test_results/matrix/replication_distribution_n50_i10

Files generated:
  - upload_n<N>_batch<B>.csv: Upload latency results (N nodes, batch size B)
  - upload_network_bytes.csv: Network bytes transferred during upload (system,payload_size,batch_size,bytes_transferred)
  - download_n<N>_cold.csv, download_n<N>_warm.csv: Download latency results (cold/warm cache)
  - upload_aggregated.csv: All upload results combined
  - download_aggregated.csv: system,node_count,payload_size,iteration,cache_mode,ttfb_ms,total_ms,lookup_type
  - network_hops_results.csv: DHT lookup hops per operation (when available)
  - storage_efficiency_results.csv: disk_bytes, efficiency_ratio per system (when available)
  - replication_results.csv: system,payload_size,nodes,replicas_target,time_to_R_s[,replication_bytes] (when available)
  - replication_distribution.csv: system,node_count,near,midrange,farflung (N/M/F vs Swarm N/A)
  - repair_time_results.csv: system,node_count,repair_time_s (when available)
  - concurrent_results.csv: system,concurrent_writes,concurrent_reads,throughput_mbps,p99_latency_ms (when available)
  - lookup_latency_n<N>.csv: isolated lookup latency (token vs TTFB proxy)
  - lookup_complexity_results.csv: system,node_count,operation,hops (O(log N) regression)
  - routing_overhead_results.csv: system,operation,message_count,overhead_type (token vs provider announce)
  - resource_usage.csv: CPU/memory samples during tests (when available)
  - resource_usage_upload_n<N>.csv: CPU/memory during upload phase only, per node count
  - summary_report.txt: Test summary report


[0;34mCleaning up containers...[0m
  Cleanup complete
[0;32mAll tests complete![0m

[0;34mCleaning up containers...[0m
  Cleanup complete
=== 2026-03-26T03:58:44-04:00 === docker builder prune -a -f
ID						RECLAIMABLE	SIZE		LAST ACCESSED
i4t3imar2yh4lftigia0quxfn*              	true 		420.6MB   	6 hours ago
14loqt55e8ep4500vvha3ufys*              	true 	420.6MB   	2 hours ago
e7ui7rjk06vbko4s15mgh33m3               	true 	278.6MB   	2 hours ago
xbhipdf3s6jg4yniakwnst01w*              	true 	420.6MB   	2 hours ago
ochfexmcup4vegyt1mjx94gp4*              	true 	620B      	37 minutes ago
9a2u9zok8mfxt7vcm71m1tcxe*              	true 	279.3MB   	5 minutes ago
fcc4ynp1lfgmr7sxqeoxof6dg*              	true 	420.6MB   	7 hours ago
9jmzjcza1w1d3aqpqfn94r6aq*              	true 	420.6MB   	3 hours ago
6i58ypq009g8r489qcu0gcqs2*              	true 	420.6MB   	4 hours ago
mr8xx1ewo58k6e0dwshjoaoyr*              	true 	420.6MB   	3 hours ago
rs9jqwkzloewh5icswbxqnae0*              	true 	420.6MB   	7 hours ago
xgfeaanm2c6barg7o2e8qniri*              	true 	420.6MB   	5 hours ago
zbpp6aa1dud8jmjbkfplmejtq*              	true 	420.6MB   	3 hours ago
9zix5k4g5l4oklmvrl12642he*              	true 	620B      	6 minutes ago
tdf0qpmfhgzaceqt0i9v4ktpk*              	true 	279MB     	37 minutes ago
7q6r805ai4qnrudv28wvlhzrz*              	true 	420.6MB   	5 hours ago
0b3qanlu99cxo92p0qe4efhgj*              	true 	420.6MB   	5 hours ago
ssqu4qkwb8d6qfup7tt3ej90u*              	true 	420.6MB   	2 hours ago
s6k86h5mk5sojh51zgj60aw7o*              	true 	279MB     	37 minutes ago
xshjivoqfzlifhwhgauis3fqj*              	true 	620B      	37 minutes ago
nh230dc51j7lo6b0hbdtvecdo*              	true 	0B        	37 minutes ago
db4c7kx7ep4g46rhw8ayuo3q9*              	true 	279.3MB   	6 minutes ago
9kxd8v6mlvfr02dcc8sux6ttx*              	true 	420.6MB   	3 hours ago
r6tbcqw3o9g7qmmgareadmsxy*              	true 	620B      	37 minutes ago
mflsr0neyfgevfyako59zvtsn*              	true 	420.6MB   	3 hours ago
gz1ecgnbyicn0mp44pf3vge75*              	true 	420.6MB   	7 hours ago
4k7xaawpyjm8pvt7vppiqfm17*              	true 	420.6MB   	6 hours ago
s25eedxjpt6g6jey7ng7p5idl*              	true 	0B        	37 minutes ago
vv5tzr5manm5r9zbfjrpw8sht*              	true 	0B        	37 minutes ago
k3m0uf15m6g97srdjznjl4fmw*              	true 	420.6MB   	7 hours ago
l7j9vgduc2e19dk1row6nl398*              	true 	420.6MB   	2 hours ago
ve3gfxqrfkt1tv6nfmipy0mca*              	true 	0B        	37 minutes ago
np1d1alzbu1o5malvt76n1ph5*              	true 	420.6MB   	5 hours ago
isqrhkoc009htr6qwmou44r0z*              	true 	420.6MB   	5 hours ago
ciqq34qm9bu3gcuoc64w26ag5*              	true 	420.6MB   	5 hours ago
rmhi89ehyb5us7zmq4qhctcyp*              	true 	420.6MB   	2 hours ago
4ommo7b8zfgp3zhgejj50p085*              	true 	420.6MB   	About an hour ago
x0b64myyuyrsn2q2g75qdzs5m*              	true 	420.6MB   	2 hours ago
jaua3bqr1u3zv671w5d5no4w4*              	true 	279.3MB   	6 minutes ago
vea6kbpsu30kva4sidhiz0ncr*              	true 	420.6MB   	6 hours ago
uhnbw0njoijn1c4xrnzprny1g*              	true 	420.6MB   	37 minutes ago
nxi9ugyji4496u2eiaqo0trbl*              	true 	420.6MB   	6 hours ago
ixklc34wwx8j2mfuxyesqv0qp*              	true 	420.6MB   	3 hours ago
ftbmwxjel8b67cp8yyjvmum04*              	true 	420.6MB   	37 minutes ago
03xstcas2wmpru3bd2uih9wr9*              	true 	420.6MB   	5 hours ago
75262yqcvp4vqt212so1fccga*              	true 	420.6MB   	7 hours ago
thyzpxi2cbi1rm8ij0d2lehhs*              	true 	420.6MB   	37 minutes ago
kjggxi1bbj8lwm43rrsv8z60p*              	true 	620B      	6 minutes ago
pjljbk3zi5aewhuoy3uewvafh*              	true 	420.6MB   	5 hours ago
vys7nsswneb2vjz0luqsc4t9n*              	true 	0B        	37 minutes ago
ir3rj81c1kov0cx78f4j93bdf*              	true 	420.6MB   	3 hours ago
74aw8h3e9egeqllzadbx71bda*              	true 	420.6MB   	6 hours ago
xszhx8vvaoodt8pniu7bxvpxm*              	true 	0B        	37 minutes ago
7mux0acbfduinanzn1cfqhdiw*              	true 	420.6MB   	3 hours ago
j4bnswufu3g7h11pd8a28wzed*              	true 	279.3MB   	6 minutes ago
ky6fcneqgbd3fmpsutemhx2mv*              	true 	279.3MB   	6 minutes ago
jobs5xuqk7as0zdxa6youmk7n               	true 	278.3MB   	3 hours ago
26lyj8ysxf2g7d8xo9d82yg74*              	true 	420.6MB   	3 hours ago
0r2nnjaxisjsofwewkxossdpi*              	true 	420.6MB   	2 hours ago
sxfjq8em7y0fytry332tqa94y*              	true 	279MB     	37 minutes ago
j8pssl7xs7hsq6apofxo4wegk*              	true 	420.6MB   	7 hours ago
sp7lr6c91vr5ys3lchjqeqr3m*              	true 	420.6MB   	5 hours ago
nuhj0ygjbk68kkccir8kr3kmu*              	true 	0B        	37 minutes ago
b7innoht2icb6onasybdaywrr*              	true 	279.3MB   	6 minutes ago
wz1yquaej185knpxqhmf8t1qk*              	true 	420.6MB   	7 hours ago
kv2cvq19en3xs59v5ntxmeflg*              	true 	620B      	37 minutes ago
ikvoeddir9xdx7c375ti59d09*              	true 	420.6MB   	4 hours ago
p51fiv1taglfbtfd6rxwenenn*              	true 	0B        	5 minutes ago
s81iokundzjbozj8nk2k6b700*              	true 	420.6MB   	7 hours ago
4sa3eds5ogrsmpjo6pp4kwjx3*              	true 	0B        	6 minutes ago
olzo7p51qlfv8yeh8drw2n9t0*              	true 	420.6MB   	5 hours ago
vscbh0g0ob0f3688trsgd0fqe*              	true 	420.6MB   	7 hours ago
mpcqugbei9of6mdvb7plxmz9s*              	true 	420.6MB   	3 hours ago
x1ifkckm46vqld7s5ea48xdb1*              	true 	420.6MB   	37 minutes ago
q3597cbuz4pdljas1b6dwwttd*              	true 	620B      	37 minutes ago
6botuzxwjc6cfzrp95t6gvae1*              	true 	620B      	6 minutes ago
bdwsekn1tj41jkfrobz9kxi8t*              	true 	420.6MB   	5 hours ago
4g386p3f25suupiv8gk4v9xom*              	true 	420.6MB   	3 hours ago
k9rc9t8173pul508xierrasp0*              	true 	420.6MB   	6 hours ago
zmg6y0jtx1fsdqb4panz2c3l5*              	true 	0B        	37 minutes ago
8msi67walud6srhbouwmtlura               	true 	276.3MB   	7 hours ago
ytn391nr83tznvr7t2b9jeooa               	true 	276.6MB   	6 hours ago
rvpa83f6sccu0w86fcb2485d7*              	true 	420.6MB   	3 hours ago
uhquj3aw29th01unef7gdxtv3*              	true 	279MB     	37 minutes ago
snvy919ig7t34g5pd3pqgrs3e*              	true 	420.6MB   	6 hours ago
tk3crhg0lgit27gsjdswourhj*              	true 	420.6MB   	2 hours ago
d9u5dm4igkb15k1qdip7i1wyr*              	true 	420.6MB   	About an hour ago
a5eid8u59c29d087jtupaaxf7*              	true 	420.6MB   	37 minutes ago
96ozqoisroxzm2vfbvlsws0gf*              	true 	420.6MB   	4 hours ago
2ep47cxogf6l8g054e2dh0dml*              	true 	620B      	6 minutes ago
ibr3o5157md6neo7yg68txapv*              	true 	0B        	6 minutes ago
sd3ezxvcfg2n3ctm373a5ji1o*              	true 	420.6MB   	2 hours ago
twzxio66gmyq31z0s1afe4jc7*              	true 	420.6MB   	3 hours ago
it9i9j9xj54h01idsn98058h3*              	true 	420.6MB   	3 hours ago
7r9gal6qq13jyvkz5l4x2srbq*              	true 	420.6MB   	2 hours ago
mfy83gq9o0mocxf3ghmz3xl8s*              	true 	420.6MB   	5 hours ago
kv3rc71d09ooay4vhlizvj4sa*              	true 	420.6MB   	6 hours ago
jvl7hxr0v8d884oatmvasuiap*              	true 	420.6MB   	3 hours ago
kcl8r9f9vie4d4nmsmpbr36e2*              	true 	279.3MB   	6 minutes ago
es7s68upt4n1hinb2xkurfq3u*              	true 	420.6MB   	6 hours ago
zp1l07cdggyu94memx8istwcy*              	true 	420.6MB   	7 hours ago
v32r6sippcnabbwqin22hiodn*              	true 	420.6MB   	7 hours ago
g77bm7eagr7yqdgi0nivsh4o3*              	true 	279.3MB   	6 minutes ago
yuwzwl99ue1sto7w1d3rggl06*              	true 	420.6MB   	7 hours ago
vgi5jl6m4t08oz6ohu4k30ia8*              	true 	420.6MB   	2 hours ago
wn5qnvtpkjk83qpshq1efoj0r*              	true 	0B        	37 minutes ago
tog4vo5zmryp5grx3sqgldb7t*              	true 	420.6MB   	7 hours ago
cuw7pz1qz39fav0shsenrf9jj*              	true 	420.6MB   	2 hours ago
mwd9f73z896kdaua2dxdr0xm3*              	true 	420.6MB   	6 hours ago
qo1h4hmgs9pu70hmrl3m1db27*              	true 	279MB     	37 minutes ago
nyqz98pkvddf44h92yanqpkhh               	true 	277.8MB   	3 hours ago
kjh9xdprh641bhyb9lzthguxe*              	true 	620B      	6 minutes ago
49arpya5snykbcxb8cmmepsio*              	true 	279.3MB   	6 minutes ago
31xhmi35arrz07ces7224kw3s*              	true 	279.3MB   	6 minutes ago
jxlac7y9nehg93qcxknx3ctob*              	true 	420.6MB   	6 hours ago
63ge613ddb5vxs3at372nyu3l*              	true 	420.6MB   	5 hours ago
ojhhn38x5iurqsppjoraw61zm*              	true 	420.6MB   	5 hours ago
of5ml913p0ekshc7hg14tjr8i*              	true 	420.6MB   	7 hours ago
j8kate9jxoy1id2bvlmg68ahv*              	true 	420.6MB   	2 hours ago
f3tofnra5erkmq4wkl7iegagk               	true 	277.1MB   	5 hours ago
kz35z1cwz6gcy6ojmrjzpmn0p*              	true 	0B        	6 minutes ago
pj3efintp7ggdmpdv702to1ws*              	true 	279MB     	37 minutes ago
dxwxia59elkr597ahgvvdctf7*              	true 	420.6MB   	3 hours ago
2000f6j4lkamm1lsdkwxv21rm*              	true 	420.6MB   	2 hours ago
s29c5o0k1aqwmyv2a3bk5y9oe*              	true 	620B      	37 minutes ago
gbytjszabhfw5lqmwq9k20mm6*              	true 	279.3MB   	6 minutes ago
x1syitzgh509x731183lpxq90*              	true 	0B        	37 minutes ago
32opddrj0789jj281tbgru4jh*              	true 	420.6MB   	6 minutes ago
xf77sdgljp04ghev2ak7pw0n0*              	true 	420.6MB   	5 hours ago
u40tq7hg44rd6lendmlg30539*              	true 	420.6MB   	37 minutes ago
foygtpmdlf7nnxeyu412whv4j*              	true 	420.6MB   	37 minutes ago
lmipnwqusroulyq7zudb81x3g*              	true 	420.6MB   	3 hours ago
w3mmk55ptank0d1nbxfvof16l               	true 	278.6MB   	2 hours ago
y3aq1vhizc2xm3poik98czqqp*              	true 	420.6MB   	5 hours ago
31tixnkyq7acvpsdvp34bgnrl*              	true 	420.6MB   	5 hours ago
nj2ce4oby4eo4fzua879578jy*              	true 	420.6MB   	5 hours ago
6vo4odc03q2g4reb0qul1p2de*              	true 	420.6MB   	6 hours ago
prqfxzi2hxuljzru2hhjar8id*              	true 	420.6MB   	2 hours ago
qhk1zuxm3kuskjhkva4j3d550*              	true 	420.6MB   	37 minutes ago
7yzq1hxn1g2qfbghhvn1srm32*              	true 	0B        	6 minutes ago
qvd10jkpkm4xzbzij0sikchja               	true 	276.7MB   	6 hours ago
vwkpsxbniak4j40srmp9a51ec               	true 	276.7MB   	6 hours ago
dojs2mof8yprnszqy8ylv1esd*              	true 	420.6MB   	3 hours ago
ywbpano5on8t84itwzjcizs4z*              	true 	420.6MB   	6 minutes ago
kr8whdwrrogk2nmvx3d7dmdg3*              	true 	875B      	5 minutes ago
yn1npy108ox032aibbflp7p2l*              	true 	420.6MB   	3 hours ago
ig3lvxf0q7qeay949zjs0rt0a*              	true 	420.6MB   	6 hours ago
fkfvrwdmyeywx7ey3fqvkfhbp*              	true 	420.6MB   	3 hours ago
o49v6el5yui6ost48r95d1twm*              	true 	420.6MB   	7 hours ago
mi768t4ka2ayv50jz0jgzdo06*              	true 	0B        	6 minutes ago
51ghgdbuv7kdgq5ep62k0fxuv*              	true 	420.6MB   	About an hour ago
o1jg6xt9196t84m10z2vsszl7*              	true 	420.6MB   	5 hours ago
vocmd1yx608f9qihjelblwjvf*              	true 	420.6MB   	5 hours ago
w7kt41d09uygivpnu76lz02eg*              	true 	420.6MB   	3 hours ago
6m21oi59ratckid2r440mel0c*              	true 	420.6MB   	3 hours ago
k4x5sorx75636uu5c34pq6qno*              	true 	420.6MB   	7 hours ago
ih0f3yeaset3i0cx6hk12xs2d*              	true 	420.6MB   	5 hours ago
ypu5ojh21vbmf4gb1y0gug3lh*              	true 	420.6MB   	37 minutes ago
oxaadhmjefyj7b75tym1xkc6i*              	true 	0B        	37 minutes ago
il7ywobnfp8qa9yhygs9qky07               	true 	276.2MB   	7 hours ago
qirr88nlenb3fbbx8sa93q0ob*              	true 	0B        	38 minutes ago
ydy8b5ves4q1v56tln4havpyt*              	true 	0B        	37 minutes ago
mu1nkkovvyoe41kgopya44fmf*              	true 	279MB     	37 minutes ago
yyu6sa7o9q3bh4bfq3qmqu34d*              	true 	420.6MB   	7 hours ago
3g8wkryt5q4x8y001ydffw52z*              	true 	420.6MB   	4 hours ago
wi52bvq4fhs235rwvf16idv37*              	true 	279MB     	37 minutes ago
9jhujc1xmxneqoabwzahqy6gc*              	true 	620B      	6 minutes ago
dbkf4wskpi41r2qhiufpd8gsy*              	true 	420.6MB   	37 minutes ago
n1lxu9dafdtygdzkgcm4eon15*              	true 	420.6MB   	3 hours ago
1hilgnjx3ciqiz06tr7zf5s98*              	true 	620B      	6 minutes ago
10ueozonz6jna2lpen5s8srvc*              	true 	420.6MB   	7 hours ago
cuhgg3hag7jgjwls16nn7u39v*              	true 	620B      	6 minutes ago
i0gfq72v90bvvzfx9fulpe8qu*              	true 	420.6MB   	2 hours ago
vhlce70fotslrh8hkuryoqlyf               	true 	278.6MB   	2 hours ago
u3vw71tj4c08tolnhudln7vz2*              	true 	420.6MB   	2 hours ago
x7ublk9dn40hkm2kgytly49up*              	true 	620B      	37 minutes ago
us7socnls6xknmkmjn7in1apl*              	true 	420.6MB   	6 hours ago
oc6pmyg89q6sq73bvevnqdjvn*              	true 	420.6MB   	5 hours ago
ut1n4fi3pdf8xwy8zyufc9fw5*              	true 	620B      	37 minutes ago
p2q7b5i2cgtqg5gqs6412qjyw*              	true 	420.6MB   	6 hours ago
iz3eetf6g5rt78igum7uen4x5*              	true 	420.6MB   	4 hours ago
pfwi1s8vaye3bu6qni65wftd3               	true 	279MB     	37 minutes ago
3rtbv0mlgcx10w65ucpt9q6b2*              	true 	420.6MB   	5 hours ago
jynjk6ugzc6bi7fcmb51f6cii               	true 	279.3MB   	6 minutes ago
g16v14lrxc14b39k7ua5romn0*              	true 	420.6MB   	About an hour ago
0u98541f6vq8i0uv3zmo4bd8n*              	true 	420.6MB   	2 hours ago
xwdzx10qot3yi61rs1z4gx1b9*              	true 	420.6MB   	6 minutes ago
3n42e5wj3czpmbdj5oapuuw1j*              	true 	420.6MB   	7 hours ago
74ramfpldl4d03dr3r2d0i9km*              	true 	420.6MB   	4 hours ago
quzm3yxhk0uw945g2bo74jr20*              	true 	420.6MB   	38 minutes ago
loquddwkzzzbggnhq722iqzlk*              	true 	420.6MB   	37 minutes ago
xx9pcv4ctbeqfhqw5y615pq2s*              	true 	279MB     	37 minutes ago
gx3f0mma1f4ztseff4cw6qcke*              	true 	420.6MB   	3 hours ago
bpmthvl907yqmp3g9k5zc33kf               	true 	277.8MB   	3 hours ago
ezuent2hgbti1yusoik1sxraj*              	true 	420.6MB   	7 hours ago
5nyjgquvp75ziqp9g8u0qbyhj*              	true 	0B        	6 minutes ago
yv523rskj9aew2meglgpbp3s7*              	true 	420.6MB   	7 hours ago
xzbxhyfaaisdaxlw0h0mu7klk*              	true 	0B        	38 minutes ago
sby2b1nljhgelul6cx2zu5ttt*              	true 	420.6MB   	7 hours ago
2ozd92vpxj0hj13uonirxhoz3*              	true 	420.6MB   	About an hour ago
l950fh6c258o0ekam2wms3nct*              	true 	279.3MB   	6 minutes ago
rilqhdgi5ebrwzpywyukw2lry*              	true 	420.6MB   	5 hours ago
k7iultvrnm8wd9hyvcldcqn0c*              	true 	420.6MB   	7 hours ago
gbi9kqq80ba9qa6ojwxkyk5mt*              	true 	420.6MB   	2 hours ago
w7bzu325ohpr66kkequt4zexo*              	true 	620B      	38 minutes ago
t562twnp7tm65d6u26p5gyaxl*              	true 	420.6MB   	3 hours ago
lwka20y70osn8288vloo2oyws*              	true 	279.3MB   	6 minutes ago
0hdfiy3wh12eufc20xlzaxyf1*              	true 	420.6MB   	7 hours ago
kewwiajfujsn513ebiuaora61*              	true 	420.6MB   	38 minutes ago
k0ujycuxvrb583hoiszjjjxkq*              	true 	620B      	6 minutes ago
1s7e5omxlcq89rt63ngt73u8x*              	true 	420.6MB   	2 hours ago
vvpsm2me31k7hcpxj3dsjik39*              	true 	0B        	38 minutes ago
ve0txv2l3k80sb8w0413kapz0*              	true 	420.6MB   	3 hours ago
23nm94pg7zd1g14ifbq9hrd9u               	true 	277.2MB   	5 hours ago
k11lf6dxrezd1ojnhgjm9m3vq*              	true 	420.6MB   	6 hours ago
sbmzd3mxbh8xlt4791a4c9710*              	true 	420.6MB   	3 hours ago
vmyfhvsqqdj9qyf0q1or000x1*              	true 	420.6MB   	6 minutes ago
sqq1twgng4hf32w8mo2c7txdo*              	true 	0B        	38 minutes ago
im1ugw38a2uc2sj5ufr70fgf0*              	true 	420.6MB   	38 minutes ago
dhopqf8l5dkdtw38jajz5upqd*              	true 	420.6MB   	2 hours ago
19cfh3pko0eey9nukf4b7f74k*              	true 	420.6MB   	7 hours ago
9crbl1oizgk5kllpw0vvu78x8*              	true 	0B        	7 minutes ago
58fn7mo2ufea5hq329ge2ab0p*              	true 	420.6MB   	38 minutes ago
k2py3iwbcyn3sbpzto0wcxyk8*              	true 	620B      	7 minutes ago
dj1yll0h50fvwovv52ecv4d41*              	true 	620B      	7 minutes ago
mwnh89macbbkdx4olutz2pltd               	true 	276.3MB   	7 hours ago
z2l4nphed46kztknsei6aoque*              	true 	279MB     	38 minutes ago
j71mg2nbj0vsd4x8q4o9wzjj9*              	true 	420.6MB   	4 hours ago
1vllv97wcpsiw8qa0d3on9wbl*              	true 	0B        	7 minutes ago
mxqrnif0i7c3c4k8nfymxxc77*              	true 	420.6MB   	2 hours ago
8i8yojtdrnqixvo2tuz6naihn*              	true 	420.6MB   	7 minutes ago
gjpfkesy2fnd9usykl7l0zlmw*              	true 	420.6MB   	3 hours ago
s9893gknozw0pmnawq4kjxwyk*              	true 	420.6MB   	7 hours ago
mczs79xj49nuu00xnbqyagw08*              	true 	420.6MB   	6 hours ago
djb7mfkyhffd2zpctyqsxvmp5*              	true 	420.6MB   	3 hours ago
q3b02x36ii85f8gyapp9cqq1y*              	true 	420.6MB   	2 hours ago
ib9h9b0bol2i7va04qcc8ryx9*              	true 	0B        	7 minutes ago
ro3prhigsejrzrv2gz6qgfqfu*              	true 	420.6MB   	38 minutes ago
kcx6h0qn7n98mrnqk23lexihm*              	true 	420.6MB   	7 minutes ago
4ic077flxzqh5ypmx4b54ros8*              	true 	420.6MB   	6 hours ago
93qkmx8himrz0ih3b4nrz752z*              	true 	420.6MB   	6 hours ago
d0qoqk27rzc5gisi96peyiozu*              	true 	420.6MB   	3 hours ago
ndb2pndrmb4dssbzmyd2kuzb2*              	true 	0B        	7 minutes ago
u1r459w37etmp6z2mkizldllh*              	true 	420.6MB   	7 hours ago
j4fz4qlqqigdgprrxyi1hgfde               	true 	276.6MB   	7 hours ago
4uhoyhg7phv8c5jw6072al3jw*              	true 	420.6MB   	5 hours ago
avjprp99jcpsah2yelyovz6g0*              	true 	420.6MB   	3 hours ago
wnmtm5ymbe88kdbsoq68l7636*              	true 	420.6MB   	7 hours ago
u564dhk5e30cnp1vh0sp13mb4*              	true 	420.6MB   	2 hours ago
kenc3wgp2zul1t1jc3uiv7gkm*              	true 	420.6MB   	4 hours ago
qrmr0blmhdwdykmhgsc2x2ewv*              	true 	279MB     	38 minutes ago
83cnmsogsklconqdeomxw8mzi*              	true 	420.6MB   	7 hours ago
c99h73s6issje7xcu0ztqlla1*              	true 	420.6MB   	7 hours ago
4fvy691wrlfnagwa9rlu280sh*              	true 	420.6MB   	6 hours ago
mdjbdsxwiq480cax8raaggl7j*              	true 	420.6MB   	2 hours ago
y46bvg2z3y0zy266cchwfjiuf*              	true 	420.6MB   	6 hours ago
stl7tgrtwhroolwmr5t11ukkf*              	true 	420.6MB   	2 hours ago
ik5oqpzgibndi5nqiful4s1kr*              	true 	279.3MB   	7 minutes ago
eiewu52g0ykeeb9xvvppk35e8*              	true 	420.6MB   	7 hours ago
ly0zkrz43wtgd42vyqhqnpfc7*              	true 	420.6MB   	6 hours ago
p8uyqy8g2fxz6yfopdknpmuuz               	true 	276.6MB   	7 hours ago
12dwwzmnrzg1536r89q0bs0la*              	true 	420.6MB   	2 hours ago
h3o2m8l8c89cjufsj8odujmw6*              	true 	420.6MB   	3 hours ago
tl3sig17rg0z96tgxmzbj5ug8*              	true 	420.6MB   	6 hours ago
lpnlpby31ru81qwhfy42i9bx6*              	true 	420.6MB   	7 hours ago
7o778usr8hroyrpvoeki432i4*              	true 	420.6MB   	6 hours ago
ueiils5hn4nratlg5yqarn1fc*              	true 	620B      	38 minutes ago
s4a802fokets155nqvndd2u67               	true 	277.8MB   	3 hours ago
0jeyd46wlpuxqupt5cy6l9bgt*              	true 	420.6MB   	7 hours ago
pkn0y7sc3pduiv9nyc9akle04*              	true 	420.6MB   	38 minutes ago
c0nqfud789t021h5sl2y3khqh               	true 	279MB     	38 minutes ago
1vsdba7yh1y4hvk4ul2ed0nss*              	true 	420.6MB   	7 minutes ago
8kp5aeb34wfv14wwqalp8ymy7*              	true 	420.6MB   	5 hours ago
lmg0gindzvv0lw5rf7bvtioyt*              	true 	0B        	7 minutes ago
4b856f1g5hhq3dlok3760mt0h*              	true 	279.3MB   	7 minutes ago
deb3yl2rbv3cb7if5esdi4an6*              	true 	420.6MB   	5 hours ago
ec4hx31epheiyyrs9idb82zdp*              	true 	0B        	7 minutes ago
b42xaxc4im6sgcrm44wz7pmoi*              	true 	420.6MB   	7 hours ago
0jmbfz37pqzpwlz012l1ew68t               	true 	278.6MB   	2 hours ago
va2ehxaf8b6d8awmx4t9oh03j*              	true 	420.6MB   	6 hours ago
s4p1eb1p2vdwo5v0p5hmrv33f*              	true 	620B      	38 minutes ago
sf0ypjxb0rq4q4xez7mgfuqrc*              	true 	420.6MB   	6 hours ago
crrhgsw4t9dclnu70q4anu261*              	true 	420.6MB   	2 hours ago
wv13w6h4b7re9sh4orb2lds32*              	true 	420.6MB   	7 hours ago
j5ptux1lidgu7cf0egsndu657*              	true 	420.6MB   	2 hours ago
zfabstno8w65fp1h77ddzkrbq*              	true 	420.6MB   	7 hours ago
py283z1pgd737olz9hq8ux72g*              	true 	620B      	38 minutes ago
lx7k3vx7vcnw8pq4414oygz4d               	true 	276.8MB   	6 hours ago
1iqhk1suai1q9elebqr64ouvm*              	true 	420.6MB   	7 hours ago
iy3rvz3ascn2bho9rabedvp1q               	true 	277.8MB   	3 hours ago
g387ydloat1n9tfc9jswya77o*              	true 	620B      	7 minutes ago
5pqh1iigpr3s1bm4a5dtuca55*              	true 	420.6MB   	5 hours ago
04nt0hwbomkdfiqrt55mmwtip*              	true 	420.6MB   	2 hours ago
uc3zuytn947k1d4ordm1g22ow*              	true 	420.6MB   	3 hours ago
vbb685pziqf8bia9wihoye955*              	true 	0B        	38 minutes ago
w2gqr02cbs4almblqna4zjmxk*              	true 	279MB     	38 minutes ago
rx7kvctutk5ece8k61zftzo19*              	true 	279MB     	38 minutes ago
ukg0p8v8vvhraop1qvpwuho0q               	true 	276.2MB   	7 hours ago
tw1wrb9fsn6hmostttxhmaulh*              	true 	420.6MB   	2 hours ago
djtpo303rbi2nn682mclcop8k*              	true 	0B        	7 minutes ago
vvuvjtra8y6olj4remrfwdcul*              	true 	420.6MB   	3 hours ago
g6oc6spp8bm61bpbnoi7ejlha*              	true 	620B      	7 minutes ago
3851e3cm1yyvtwiq8adbbd1tn               	true 	276.2MB   	7 hours ago
9bn8we0qpfd5vjd7oepeyzgzj*              	true 	420.6MB   	2 hours ago
jihv5bzv337imuibn07lnt1te*              	true 	420.6MB   	7 minutes ago
3bukge90zceupb6s0a5abc8gd               	true 	279MB     	38 minutes ago
c0yg8mfiipof25sokwacdqfok               	true 	278.6MB   	2 hours ago
id81qkpigm1i36366fv2mch84               	true 	277.1MB   	5 hours ago
k63l0dme3brelkb7gw08rhf31*              	true 	420.6MB   	5 hours ago
qfsp5bzzzth5nze6kie4g1t8x*              	true 	420.6MB   	7 hours ago
w1prscw0bep5zc0nguo2gmwwl*              	true 	420.6MB   	5 hours ago
ocb5opne1abroqvhlc343sfkj*              	true 	279MB     	38 minutes ago
qds3i3ucr8karfukohdoqwn0l*              	true 	420.6MB   	7 hours ago
3lvbdtb838gj2vx857gte36np*              	true 	420.6MB   	38 minutes ago
8gyec3j57qjn39pkhybqtisla*              	true 	620B      	7 minutes ago
mt8vcvg4k77buof2284n2svju*              	true 	420.6MB   	7 hours ago
qwaoba5w1sdgr0at5kvnzl4bi*              	true 	420.6MB   	4 hours ago
p372sihtgm77wbmqt54cngp5c               	true 	277.8MB   	3 hours ago
xin8dvagjlk0ea920joz0p4u9               	true 	278.6MB   	2 hours ago
9gcuwhp8itmyees07p4xhreqp*              	true 	420.6MB   	5 hours ago
npwwjn71chruzq5rr54z22dfj*              	true 	620B      	38 minutes ago
i0fivzj622ocfag0xocmt6whi*              	true 	420.6MB   	7 hours ago
rnlydeknag2pdjmqtqblbkdv0*              	true 	420.6MB   	7 hours ago
gba9p9du63ser16pndgx1jkh8               	true 	279MB     	38 minutes ago
e95i4mvsvfs4xvs3kik6iv1wh*              	true 	420.6MB   	3 hours ago
nd1xy5s9gruv5q0nlhp7rtthh*              	true 	420.6MB   	7 hours ago
tnzqyg9l702ivjnp49o950jkc*              	true 	0B        	38 minutes ago
zvr2qb3leevpfwyvlrcwga18g*              	true 	0B        	38 minutes ago
g7e9ahx1pn6wsxod49z4jznj7               	true 	277.8MB   	3 hours ago
yjyfhsy4je5k28rv9w43dkvfx*              	true 	620B      	38 minutes ago
1cteuquu8unlm2wimxkltk4lc*              	true 	420.6MB   	2 hours ago
yzulu0bcaz2wt9xkelxdkqjgd               	true 	276.3MB   	7 hours ago
dcjhyr438vt76vkf766g7rmio*              	true 	420.6MB   	5 hours ago
1xgbb5cy9pxpl2zfcpwr5qgrd*              	true 	420.6MB   	38 minutes ago
q81cw5yhabfm5d1ok8m6qxfbw*              	true 	279MB     	38 minutes ago
t5gvc40ou2j01qosc1p0hue1u*              	true 	620B      	38 minutes ago
izg35mh2t5jeti4yhqitn6qxr               	true 	278.6MB   	2 hours ago
yksz3eq5fmjbi0ebsfd7tev27*              	true 	420.6MB   	7 minutes ago
nzpdks2fjdbt47zxa5n386ocd*              	true 	420.6MB   	3 hours ago
8soruk5uazxckzwvt94lknkic               	true 	276.8MB   	5 hours ago
8pcwz81iq53w4j3153ekd145c               	true 	277.8MB   	3 hours ago
7hr48ghp1a2cems1v3pxw2dw7*              	true 	420.6MB   	7 hours ago
pai604esj2rp6pr0r3li28npe               	true 	277.1MB   	5 hours ago
w8cv3pims8174pw480alqduye*              	true 	279MB     	38 minutes ago
xxm3nexk09jbluual23p9ekov*              	true 	279MB     	38 minutes ago
c3npjeljl7g7o23d0iwatlt5w*              	true 	620B      	7 minutes ago
ptw5b4z7k2in40m6581274vrl*              	true 	420.6MB   	3 hours ago
pktc48qj6afig420e8lpdp9xc*              	true 	0B        	38 minutes ago
ozf367li5x6qefenhsfn4v5cs*              	true 	420.6MB   	2 hours ago
oczrxns66itlissutq4l6u68o*              	true 	279MB     	38 minutes ago
pnaeodvq1i23ke1n0266nmzlk               	true 	277.8MB   	3 hours ago
cla4ky4muak6gyqey31wd0yf5               	true 	277.8MB   	3 hours ago
fqvo95b1dopbfkqypils86ajg*              	true 	279.3MB   	7 minutes ago
lqg118v97gn7bd5ixk5nl23qc               	true 	278.6MB   	2 hours ago
ntaj56szk24ou3c6tjnmdccdf*              	true 	420.6MB   	7 hours ago
nlz2vrlrpjqqi35e0opaadt3e*              	true 	420.6MB   	38 minutes ago
5i38gpt0dgdk7iprc4ze0j981*              	true 	0B        	7 minutes ago
odcx5fate8lazddmwapvt5ff0*              	true 	420.6MB   	7 minutes ago
5rqups0s0na905pr8j6ozal3q*              	true 	0B        	7 minutes ago
vdk540kp5sqdd2le5mswdkd9w*              	true 	420.6MB   	7 hours ago
se89jt3an7xigr7g2ryjnl17i*              	true 	420.6MB   	38 minutes ago
bclgafgb6otihhiqn6zz6xigz               	true 	276.8MB   	5 hours ago
u9aofdd2p4ut2h3an5myvxmm2               	true 	276.3MB   	7 hours ago
iq1rlge6921jcveidhocgay35*              	true 	420.6MB   	2 hours ago
vfd80rtzzr7zd7uqrlqa58qn0*              	true 	420.6MB   	38 minutes ago
oxdpyb9jmbbpgnexv07ck32xk*              	true 	420.6MB   	7 hours ago
otad9lhzs5pkea14jyy0o1r96*              	true 	420.6MB   	4 hours ago
karq4c7k31i49vpkb9zor6r5n*              	true 	420.6MB   	3 hours ago
ibbh9x6jb179qttbgsso4vicr*              	true 	420.6MB   	7 hours ago
p27mm5po4hwx5imf0ymfqtkj7*              	true 	420.6MB   	6 hours ago
p0ww4m8jz8ak2hg8p32wrg2pc*              	true 	620B      	38 minutes ago
jcduy2s02tr1ogw5vkh5aw7g3*              	true 	420.6MB   	7 hours ago
q84fnyp196ln4njciwagafyk5*              	true 	279MB     	38 minutes ago
dzw1mdfuow0hkcmw9n7toph0k*              	true 	420.6MB   	6 hours ago
k9y7tpfx40hk6u3btcljf3shy               	true 	276.7MB   	6 hours ago
r3g3yewtzkr4brgrxmikxq6ww*              	true 	420.6MB   	5 hours ago
ywhctfg3edysnp0h15mpgywvm*              	true 	420.6MB   	6 hours ago
tnlb0sez9o8mwi8262o528q72*              	true 	0B        	38 minutes ago
rn2pqincq5izm7uhfo72qr1ar*              	true 	0B        	38 minutes ago
n3qe5ujlmwb2qb389dp5yvf92               	true 	276.8MB   	5 hours ago
2cmqj3h7orywxv6bamnz6k0pc*              	true 	420.6MB   	38 minutes ago
qs6er5pvcad8jtnxwbjbzu67o*              	true 	420.6MB   	4 hours ago
2yl2t2ygxwof04taf008p0lus*              	true 	420.6MB   	7 minutes ago
gj32febv5vaffyvbnjbott914*              	true 	420.6MB   	3 hours ago
j66vsqlfh02ezvsc5bhthy49d*              	true 	420.6MB   	3 hours ago
29hzb08nlxaafmyd4ez9zqn00*              	true 	620B      	7 minutes ago
r2fsj872luzf7el4xs827slly*              	true 	279MB     	38 minutes ago
kekxn6zvlhpbnmber27wguwk5*              	true 	420.6MB   	5 hours ago
mo3zl8g07cne5fgb9ho4i3y3x               	true 	277.8MB   	3 hours ago
l0kojmaioxxwytm00hz0tccps*              	true 	420.6MB   	7 minutes ago
ipu6ylpoixv39mwftn34h8wds*              	true 	420.6MB   	5 hours ago
6rut4awqilf1ue0dw5tdda0oj               	true 	277.8MB   	3 hours ago
jcfzh8ql65u69k58yltvdhjna*              	true 	279.3MB   	7 minutes ago
5k3wiq4y4qujl659ux43ftdab*              	true 	420.6MB   	5 hours ago
wztnrznpfs6baddig3yecamfw*              	true 	420.6MB   	7 hours ago
3tl9y5bsfuay4waeidkwv76wz*              	true 	420.6MB   	6 hours ago
5by90tlrmq65392i4pdg14vqb*              	true 	420.6MB   	38 minutes ago
d45cvl901duwe9tk3x9nqcxcq*              	true 	420.6MB   	2 hours ago
bkxx23q4xc7cupj8t31maqylr*              	true 	420.6MB   	6 hours ago
ljdx5wdu5jkpfe1p6vfcnt4sp               	true 	277.8MB   	3 hours ago
qekcep916wr0xwo17lnskkwmr               	true 	279MB     	39 minutes ago
x7bgju7ncmz9yzgq0beq6pwql*              	true 	420.6MB   	2 hours ago
vyisho1ql5zknoasmarbz7v97               	true 	276.8MB   	5 hours ago
jpmkmtmnsgf14jfrktgcn32mr*              	true 	420.6MB   	3 hours ago
7w1jyt3dycwm70btrvvldq99c*              	true 	279.3MB   	7 minutes ago
83hqk9vt5xs85eo3uc59khgya               	true 	277.8MB   	3 hours ago
rnii1fpc7193xrporsk6wqe2u               	true 	278.3MB   	3 hours ago
z8bqj92p555zw4bqi95cvutke*              	true 	420.6MB   	7 hours ago
bdlhbnnnsic8utal6llalmcz4*              	true 	420.6MB   	7 hours ago
bvbq3gke73txoalv0cuibd9k8*              	true 	0B        	7 minutes ago
26amm39jfd0l20t4vdc2t6btm*              	true 	420.6MB   	6 hours ago
tsysf0tmf47ypl7eiqe5xmbcn               	true 	277.4MB   	4 hours ago
toc0i9s4qp7wxps3alungzd6v*              	true 	0B        	38 minutes ago
obr05lwoswjo4gmmzt2cjui0e*              	true 	420.6MB   	7 minutes ago
hwkp19giwyvgb7ck5qchj09jr*              	true 	279.3MB   	7 minutes ago
vbc05gnoxx7zointq8vo59t50*              	true 	0B        	38 minutes ago
cm481jehgmj9votdi8jooxbo9*              	true 	420.6MB   	3 hours ago
r4ag1114ww854gb43w9h51c5o*              	true 	420.6MB   	2 hours ago
oz2xqmlmv2j4qd2istlcodtaq*              	true 	420.6MB   	7 minutes ago
qtzzn1ohng18gbg2mmst68jp5*              	true 	420.6MB   	6 hours ago
rjqkm54be1yhnq89zf64fka0a*              	true 	420.6MB   	2 hours ago
s1tm9crpc0ac5sn8pp4nqbluj               	true 	278.7MB   	2 hours ago
gudaovj4nzgdxtu9xymr6j6cm*              	true 	420.6MB   	6 hours ago
prpuyoyu8sa6bj8j3a7hk5bju*              	true 	420.6MB   	6 hours ago
lq20b9x2p7fygsp7kusepysws*              	true 	420.6MB   	6 hours ago
306la192to1xvi7nwfqk1iwzg*              	true 	420.6MB   	5 hours ago
1n7zazsa92dpuclfpoo5ybx2u*              	true 	420.6MB   	39 minutes ago
g45c6cwwurx9mueu0v55lycgn*              	true 	420.6MB   	2 hours ago
bhs4kqw8ygp2ykvetghwqvjly*              	true 	0B        	7 minutes ago
7kwhouy4kdeo5ld1pvaajy3db*              	true 	420.6MB   	2 hours ago
raet36so6xwriqqe9l9twxlah*              	true 	620B      	39 minutes ago
ovvynsk74wwzkmam8rmhoujq8*              	true 	420.6MB   	3 hours ago
3rzqpma15q8cndctz4eog3m3q*              	true 	279.3MB   	7 minutes ago
l6225ijlxxwa11fn1hrrf5k08*              	true 	279.3MB   	7 minutes ago
pgocqd61ft5uaj56oykubsyp8*              	true 	279MB     	38 minutes ago
rahai2qh50v40qbum1dkjjyi2*              	true 	420.6MB   	2 hours ago
yyf8z5t71djnlnpeybwo7g1ni               	true 	276.6MB   	6 hours ago
ruwvhea3bbqs62utrf9a3pbvt*              	true 	279MB     	39 minutes ago
zeq2bh17pvrg5vj1oc5tgx4qm               	true 	276.8MB   	6 hours ago
ic6fneg6jvnxw5upp64twlpqg*              	true 	420.6MB   	7 minutes ago
030cbnv4b5qz4v7x3ran4ay72*              	true 	620B      	7 minutes ago
mpvod4n9ofeapdkiner5wlkbx*              	true 	0B        	7 minutes ago
1ikcdqz8uimr1yviscgrzaj2h               	true 	278.6MB   	2 hours ago
1mi1ewz9o1mc8miwnurrhmchn*              	true 	0B        	7 minutes ago
yuv526me67ml27w72sgyrrd9n*              	true 	420.6MB   	3 hours ago
c5l193eaknfp52szsi4m2hc8h*              	true 	420.6MB   	2 hours ago
obm40rt7ggfpqnlzw7bb5lwv1*              	true 	420.6MB   	5 hours ago
6jzuavn5gizync12bjg2ebld0*              	true 	420.6MB   	39 minutes ago
kgu7977ohrj1hi6993s8h5rs8*              	true 	420.6MB   	5 hours ago
8k210zmzr9ugp66e3iruijafp               	true 	277.4MB   	4 hours ago
z2gt9nbubuf7lk0x39dgd6mzx*              	true 	420.6MB   	7 hours ago
rwbzamaig52lwa99rn5bl3c2w*              	true 	420.6MB   	5 hours ago
uepnqwtfudmgcpwu59wwcn7nd*              	true 	420.6MB   	6 hours ago
vhutvviwgo0m4z0eg2y0odip2               	true 	0B        	7 minutes ago
49zedz2vvq7izgz0rjla8k2qo*              	true 	420.6MB   	3 hours ago
86q2csmn9noa7hy02l5xu2fnz               	true 	276.6MB   	7 hours ago
eql7kpdg49j4ok376fm3w172u*              	true 	420.6MB   	6 hours ago
4lcfuvng2lq40ib3xaku94wb0*              	true 	420.6MB   	7 minutes ago
nubxnj61mewtzs21vyudfkxyb               	true 	279.3MB   	7 minutes ago
pc8907x7q3s9k6cjojp8vp1d4*              	true 	420.6MB   	7 hours ago
p4u052oi877ko46ok5ol9mw6s*              	true 	0B        	39 minutes ago
4nrltvlxprdhx0zoepo35f26t*              	true 	420.6MB   	5 hours ago
hvgcayh7vl7wkdungffajnr9m               	true 	277.8MB   	3 hours ago
1yzxq7h31183e5oxt1ig1zak5               	true 	278.6MB   	2 hours ago
slrgnhe22o15ftbeyuj1my6wx*              	true 	0B        	39 minutes ago
2emq3k0au2z9kw20omcy4ppzx               	true 	276.2MB   	7 hours ago
jw1wg88wct3gvctq6hsbrx8qr*              	true 	2.022kB   	6 minutes ago
kbm2ecu7al8997bpfbtmr0mhr*              	true 	420.6MB   	3 hours ago
mg7qujkboiu0grd28xpb4qfs0*              	true 	420.6MB   	7 minutes ago
u2zu4xkjggisebilmhd93y525               	true 	278.6MB   	2 hours ago
kjddt4o4nu13bihomufjv6iuv               	true 	278.3MB   	3 hours ago
zj7o5qpsp5nsatq7wuo0dbci4*              	true 	420.6MB   	7 hours ago
9ah2yrw6fzjk34oz1vkocn8c1*              	true 	420.6MB   	2 hours ago
9ybf1x9810v50nr0yv4hrpgft*              	true 	620B      	8 minutes ago
7nx01vn0uqtgokr6c07qs80iq               	true 	276.3MB   	7 hours ago
ietsltutpml4xdmsedjry1g34*              	true 	420.6MB   	7 hours ago
y6cm9yk5jhen2knc0w9cd6jpj*              	true 	420.6MB   	6 hours ago
3dzyby231dg7spk76ndoxb71e               	true 	279.3MB   	7 minutes ago
b3y3jn0nsbwzsbd0izxe7be0c*              	true 	420.6MB   	2 hours ago
uayvxpvqhamehvk179vylzrnb*              	true 	420.6MB   	2 hours ago
jshjtxjebez34ncfvm5vvvbhs*              	true 	420.6MB   	4 hours ago
t2lc00q35ga3w48eoza7ikt6m*              	true 	420.6MB   	8 minutes ago
x0txe35lw55jxr5pt7gdkhgg2*              	true 	620B      	39 minutes ago
4lfqzeqxkwwz9z2id0xgm6vvr*              	true 	420.6MB   	2 hours ago
8h3b8viejdjgetu0lgetdgrnx               	true 	277.1MB   	5 hours ago
kc7ylqbrxn4ylw8bk5hq5vta1               	true 	277.1MB   	5 hours ago
xopobbcuep8samgd2omm2s3xs*              	true 	420.6MB   	5 hours ago
6716n7kjtvb77wln2558bxcql*              	true 	420.6MB   	2 hours ago
p71xjqdp5tssy1806pijp2jsp*              	true 	420.6MB   	7 hours ago
rzwj1rxwr1cl7qvl5m4um5vnj*              	true 	420.6MB   	2 hours ago
ab1bcg7uqziv04mdvtl193o09*              	true 	420.6MB   	2 hours ago
8awvwslh0n80ucfi8cx6zr9g9*              	true 	420.6MB   	3 hours ago
n7mr6vgkw50ngtl9pt28c4fzg*              	true 	420.6MB   	7 hours ago
fuy0z7maodpy4peiydndo8l5j*              	true 	420.6MB   	7 hours ago
jexs4i4c40bwbrh3bc8osob0m               	true 	277.8MB   	3 hours ago
0t6rp9tko0ll5713b5gsfdy3h               	true 	278.3MB   	3 hours ago
x6ggbn8mguvskpdvogfh108k5               	true 	277.4MB   	4 hours ago
9dif8smnxk3w1god2z7pzf7f4               	true 	276.5MB   	7 hours ago
el6vohjlx725xnpvi0rtaf2ui               	true 	276.6MB   	7 hours ago
z3zen04iyhxjf41q1ydtghs9b               	true 	278.6MB   	2 hours ago
ab2qogp0t5z2nlogknw51hem8*              	true 	620B      	8 minutes ago
kjhwj5ddzsza50g9xeh53d050*              	true 	420.6MB   	7 hours ago
zmads750v1csn0k06eqnzdifl*              	true 	420.6MB   	5 hours ago
vzeo9yyufq49nn8fktfb1jan1*              	true 	420.6MB   	7 hours ago
y39agzeidqk9gkfpcftb35apk*              	true 	420.6MB   	6 hours ago
qm7odd54cxkpsenpzhtst0x7m*              	true 	420.6MB   	2 hours ago
dwn4bgjy5naq7879xcpjacl3v*              	true 	279.3MB   	7 minutes ago
98464443gby5wiaxhxrx8j1lm*              	true 	0B        	8 minutes ago
iqecak4wnp60mloyfhmhndf0j               	true 	276.3MB   	7 hours ago
3ukg526uakb9rpp8muolja858*              	true 	420.6MB   	5 hours ago
dqfy4qeu6addg0f541xf3fwy3*              	true 	420.6MB   	4 hours ago
8dclc9h1seh1wp19w3ko9qglm*              	true 	420.6MB   	3 hours ago
ojmjbwy3ao25we53u95ax3v8l*              	true 	420.6MB   	2 hours ago
yomjvx4j06bf1f6od22bq7f61*              	true 	620B      	39 minutes ago
dm8qhkdyqb5ho7iuhdjl5dtpl*              	true 	420.6MB   	7 hours ago
kbqkg9paj686b8k1h5n5ipcj9*              	true 	420.6MB   	7 hours ago
tgtad2nq2071xghf92i0p0djl               	true 	276.6MB   	6 hours ago
9aodqj233k46z0wh8jhupnjku*              	true 	420.6MB   	6 hours ago
nzxanvxj8833qmkd64qomc8nq*              	true 	420.6MB   	7 hours ago
tnekhfz7epjqcypovyik0oul8               	true 	277.1MB   	5 hours ago
glj9gy5tifz63smipu1kd8s9f               	true 	278.3MB   	3 hours ago
sv0bl7p3vomghsieuzrd535hc*              	true 	620B      	39 minutes ago
yvpux00gr6gw9n6m6rubuodsr*              	true 	420.6MB   	7 hours ago
mjqrzublpqrkfttowfc2gt9yp*              	true 	420.6MB   	39 minutes ago
o935zywt7w98aej6p3bk9pjnr*              	true 	420.6MB   	4 hours ago
kvex23z2842k3dja8k8jubp6b               	true 	278.6MB   	2 hours ago
1rnhax7yn7o0un72z4w1xqyk7               	true 	278.6MB   	2 hours ago
wgfs0u0gmxk410ktrlwuzajf2*              	true 	420.6MB   	8 hours ago
zgd07twz53g4wix84ffisgv2i*              	true 	420.6MB   	6 hours ago
1zfuo06jmawwbssmd407l0nof*              	true 	420.6MB   	7 hours ago
hl5ne1z2w1cc75nacicuvyi3d               	true 	276.3MB   	7 hours ago
dg5q34lzoo0w0nbkd0ziul6dt               	true 	278.6MB   	2 hours ago
mrcafw5o37fhazdz3714k94fz*              	true 	279.3MB   	8 minutes ago
mi3hfb0otte9id994o54yhjax               	true 	276.7MB   	6 hours ago
t5yavt1ihhkiec3bgcz57wztb               	true 	276.7MB   	6 hours ago
ldow09m754c26eagm0b3psq7j*              	true 	420.6MB   	3 hours ago
r1q6zexlmnq2susat39urlngf*              	true 	420.6MB   	2 hours ago
jgs713vpl6x5592rkj07j5uqm*              	true 	420.6MB   	39 minutes ago
f2gcju45xh2lrer8q7ecgtnw5               	true 	279.3MB   	8 minutes ago
bdgdesctv7vhuo0tdxnkyqe6e*              	true 	420.6MB   	39 minutes ago
9mak8cqlo5psphvlcknstljm2*              	true 	420.6MB   	6 hours ago
h0mp3n8ad9nuxfs9hwc2qexbf*              	true 	420.6MB   	39 minutes ago
lnzstxn6lwepl98oeeq3dz08p*              	true 	420.6MB   	8 minutes ago
e944y5cyqjwcxeckx2i2esfqb*              	true 	420.6MB   	8 minutes ago
xbrofoxarfwd93ngtd2o12ahc*              	true 	420.6MB   	8 minutes ago
cdsdmxkuptg8mag38i5vwdux4*              	true 	420.6MB   	5 hours ago
pj2hls8hsdka9qoqpbcym3vfd*              	true 	420.6MB   	2 hours ago
oul89hlzodcxdstdas5fik9kg               	true 	276.3MB   	7 hours ago
h45xsf8s1lxiuvdanzfv2nry7*              	true 	420.6MB   	2 hours ago
v2mrryrkdx5pharguzljn1qho*              	true 	420.6MB   	5 hours ago
is2wjd44rk015bsisj4b5b8ce               	true 	279.3MB   	8 minutes ago
4skr5qczqnh4jc0ztnqapc4bf               	true 	276.3MB   	7 hours ago
iv16mwix6zwqcs6dvxelwu0rx               	true 	276.3MB   	7 hours ago
jlij6kwc87zsk1275v5md8tqu               	true 	279MB     	39 minutes ago
od2cniyixrd5mckm9iwacskmo*              	true 	420.6MB   	4 hours ago
rbwt74ivngyd2ij8o8ocf8iue               	true 	276.3MB   	7 hours ago
cbzcpg4shsz16vz5ecwl48479*              	true 	420.6MB   	7 hours ago
7bxi6i8th9pcksoypmi20vstx*              	true 	620B      	8 minutes ago
pf1su2u48c2fnn9ashilg1hta               	true 	277.8MB   	3 hours ago
onv955xotrdb69drhqsycvn4v               	true 	277.8MB   	3 hours ago
xne1316jc1hj46n86k3ws0nh4*              	true 	0B        	39 minutes ago
pbf7ywt7bxuyqvmp5httqp5qf*              	true 	420.6MB   	7 hours ago
qgpfkod0iuoofec79pl8ug9z0*              	true 	420.6MB   	3 hours ago
ljrhh9rxygr5zhbc6w48fn2xj*              	true 	420.6MB   	3 hours ago
ozdsapljfjqnhirg49ccubvgr*              	true 	0B        	39 minutes ago
8sq3wiueskgz8ocrnke4f3q5a*              	true 	420.6MB   	7 hours ago
wwlltgijjs8g56dsuzeyeyapa*              	true 	420.6MB   	6 hours ago
nl31e5o3dc5zk2vtjutmww050               	true 	278.6MB   	2 hours ago
of8r3ucsrlquur0ucx4b6k92g               	true 	279MB     	39 minutes ago
18jvs7py72e2pqlqzejde5w2b*              	true 	620B      	8 minutes ago
3fhw3u5xcy6a6oaynqh00za4s*              	true 	420.6MB   	8 minutes ago
jaeauy7aiayc20d16h54wgn7f*              	true 	420.6MB   	3 hours ago
rilt0fo7vvuehs1am6jckzi94*              	true 	420.6MB   	6 hours ago
6jpacn4mr2ookkcufe4nxaunj               	true 	277.1MB   	5 hours ago
xczn0mdbwollgxf1ozo18eoqx*              	true 	420.6MB   	5 hours ago
yogsn5h5j1hbhyqaa4jb64cdw               	true 	279MB     	39 minutes ago
ehnb3rq4nhc3siqxrk698ofb4*              	true 	620B      	8 minutes ago
pwz0ocw1x4vjcv1v2mhzkio5h*              	true 	420.6MB   	6 hours ago
zian2zfekg8n2qrbbnjlsxyzg               	true 	278.6MB   	2 hours ago
kos1gsqtyrv1werwug0eexit1*              	true 	620B      	8 minutes ago
u1budcwdxib8czppuk92ya24h*              	true 	420.6MB   	6 hours ago
uxd3lift13xoj2qvv03jvz03p*              	true 	0B        	39 minutes ago
q5918sg5l4ui7vjujugtprequ*              	true 	420.6MB   	3 hours ago
j7f4ue377dyp2q4lvx2t2uix8*              	true 	0B        	8 minutes ago
jtu7ktg498b6jexzrn9jkub2m*              	true 	279.3MB   	8 minutes ago
sxqudi4qek4sh5k36l1c2m1he*              	true 	620B      	39 minutes ago
wom3ojtlsen0al44ta0nyfjxv*              	true 	420.6MB   	2 hours ago
zzl4oao37zmu8m9jphhd48kxt*              	true 	420.6MB   	6 hours ago
yxyjov768n50i9wzv9naisyqv*              	true 	420.6MB   	5 hours ago
jmknaz6ob0nc4e81bwt4hkj2g               	true 	279MB     	39 minutes ago
poxy8mkovjoxxy4ndowv2fxt3               	true 	278.6MB   	2 hours ago
wjew3b6ptnto1hj85fcnqx287*              	true 	420.6MB   	2 hours ago
81fu6152jsdps0mk4kpcyz1b5               	true 	278.6MB   	2 hours ago
o2edqx33n8sclaf6dqplax6ub*              	true 	279MB     	39 minutes ago
t4597ic2b4daqk496u4jawe2p               	true 	278.6MB   	2 hours ago
3zg1l6fb1urc9ws47tlg5jkj6               	true 	278.6MB   	2 hours ago
ou1gkqtvmv3c4epep9oe9nkv4*              	true 	420.6MB   	3 hours ago
zq063refraqs3acdy0h06fu4k*              	true 	420.6MB   	6 hours ago
ycgvf1yn5dghaiebxhsmyomtz*              	true 	620B      	39 minutes ago
035cpqixg0bdu8o99y1hexdds*              	true 	420.6MB   	5 hours ago
rd6mjo8g0x6rwi4f5c7sqdfx6*              	true 	620B      	39 minutes ago
jrlntiw7srzzpek334kx8aebe*              	true 	0B        	8 minutes ago
4ljv5znt8rr65cpxlo327pbw9*              	true 	620B      	8 minutes ago
gxot3klcn4q2v0ab3k2uiz940               	true 	276.6MB   	6 hours ago
8pxsy5wqw7yhzg1fgp4nilqnl               	true 	278.6MB   	2 hours ago
wespr1wtw6sj59brpmkaj861l*              	true 	420.6MB   	8 minutes ago
snw7f0lnvtk0is21oodbcqboa*              	true 	420.6MB   	7 hours ago
mqiggwc85p24fu0elaoajzii7               	true 	277.2MB   	5 hours ago
slnhg4dipuu9y102vsvsck0um               	true 	277.2MB   	5 hours ago
gllji9iuylq14t47i55dttvtu*              	true 	420.6MB   	6 hours ago
im3oz1lrzgx8zvrtvps0kipwd               	true 	279.3MB   	8 minutes ago
rnk7dg87yton5d3wt9ya8z254               	true 	276.8MB   	5 hours ago
qdjug215wmwsd4jmthviqfm9d*              	true 	420.6MB   	6 hours ago
bls6npwwmdflw6c27lod45qwj*              	true 	420.6MB   	3 hours ago
wvv0n08279qwpfp5f0k5ywnl8*              	true 	420.6MB   	39 minutes ago
zn0w0tmvzbho2s0ly0zy9dt69*              	true 	420.6MB   	3 hours ago
istjh9jdhzciz4lqsael8xiej               	true 	278.6MB   	2 hours ago
i9jkuwh72dfw2xmw3hqp7rt2p*              	true 	279.3MB   	8 minutes ago
l84cdpv9y6b9kmf43uecsczx1*              	true 	420.6MB   	4 hours ago
21w2lol03xwxgvr3nohc0c3br*              	true 	279.3MB   	8 minutes ago
wk3bzk9kg7cfs9t6eg941lelw*              	true 	420.6MB   	5 hours ago
93ox669rdnihwjxwrklceysbq*              	true 	420.6MB   	39 minutes ago
pa7x106n6p7gqvgrv5ivghpic*              	true 	620B      	39 minutes ago
2zf0kkod82iwqcs5gzzr65mzu*              	true 	420.6MB   	3 hours ago
g4h8a7v2amlp2oyad1gpifkl0*              	true 	420.6MB   	5 hours ago
z2xrokx36e5ivzn72etd1zkd5*              	true 	279MB     	39 minutes ago
nrbky1afjrur10y1phy0g24fk               	true 	276.5MB   	7 hours ago
gjgkesezna7rce4nie53lzlm3*              	true 	420.6MB   	2 hours ago
hw5jhg40mx3o8jrhi1hzl5bk6*              	true 	420.6MB   	7 hours ago
90t30y1uyeeuq3081rx3hm40p               	true 	276.3MB   	7 hours ago
t0sudlt5qej0vgsp87r0lt9r2*              	true 	420.6MB   	6 hours ago
w27id6861ntlg0rmtiulmyh5q*              	true 	420.6MB   	5 hours ago
tnc02t337hpuk21jgj9y1qos2*              	true 	0B        	39 minutes ago
f1rw1fas66c54jsjol5nzdfas*              	true 	0B        	8 minutes ago
rrwz43dz1jzmd2idvxawec7s5               	true 	276.7MB   	6 hours ago
j3n4m764k09oum9giqd7ih54y               	true 	278.6MB   	2 hours ago
1phmomu9zdswppwruzwz1jx5f*              	true 	420.6MB   	39 minutes ago
ydu5euyr4zr8csto72s2dtkx6*              	true 	420.6MB   	4 hours ago
j3hcmuwe3ddsbb1m7o6a21elo               	true 	276.7MB   	6 hours ago
koqyn3xjddj5szwssd35kfduh               	true 	277.8MB   	3 hours ago
gifep1ym8ta4ui5bdgu09i05n               	true 	276.8MB   	5 hours ago
o8471esl8prer8p4eb8pef2m6               	true 	276.6MB   	7 hours ago
jgs4qo06wdrz696aau2sb9zli               	true 	278.6MB   	2 hours ago
g6876cgjn0tqn9nvjkgpfobb8               	true 	276.8MB   	5 hours ago
uuzyzg8we1dl4ihmyxdwr53ac               	true 	276.8MB   	5 hours ago
e2m3wnv8cg31qrali0zqtzt7d               	true 	278.7MB   	2 hours ago
316r7s54c14y4d44lbls9e4cu*              	true 	620B      	8 minutes ago
d2r97osy5b8dowmcj2msp0aad*              	true 	420.6MB   	5 hours ago
1i0vn8emytkfsxjswef0p3dox*              	true 	620B      	8 minutes ago
6br56720jwihpe9nvfzcbyctr               	true 	276.3MB   	7 hours ago
zksqg3wvogsor00oqqtz8ajlt*              	true 	420.6MB   	4 hours ago
j433ca9fgtjuk54h5m1e0j572               	true 	276.2MB   	7 hours ago
nkwnj62402ghay3qtqohb1l17               	true 	278.6MB   	2 hours ago
nq3jx8h2ik2mapxlmhkm0zoqk*              	true 	420.6MB   	3 hours ago
q9rz0706wrlw3sfzml1vjrtw5*              	true 	420.6MB   	4 hours ago
w7vkyi1w5pntxcqd3kf9kkznl*              	true 	620B      	39 minutes ago
lx21p3tfyiqeedq9qspyoiizv*              	true 	420.6MB   	6 hours ago
x30hr6pdohz4f34ll3o6ymogr*              	true 	420.6MB   	2 hours ago
294g3gwdxkopb0ex6n95d8bge*              	true 	420.6MB   	7 hours ago
uwtkbh067jcwfzoe9qct97nwh*              	true 	420.6MB   	6 hours ago
jqvgtq7bfckq7jifrocjvbkj4               	true 	277.8MB   	3 hours ago
l383g8gyhs6w4ezvwgcmwv1e3*              	true 	420.6MB   	39 minutes ago
q1l2graz4z3my62f7b2gn8des*              	true 	420.6MB   	6 hours ago
49da5mnhwvvlfcazdynsz9oic*              	true 	420.6MB   	37 minutes ago
ez630pzr0rkoh1xud6k6lec3w*              	true 	420.6MB   	8 minutes ago
01xjnf7gk814y9wglmw54vrv3               	true 	278.6MB   	2 hours ago
kmt9wia75giqr39e5uk0b4mna               	true 	277.4MB   	4 hours ago
jq6dq5pfope2856k7x8ptwms9*              	true 	420.6MB   	5 hours ago
xkghhloh3nz78t60eid5sdjaz*              	true 	279MB     	39 minutes ago
n0mqbnfuhf7rtwvykhf2o90yt*              	true 	420.6MB   	5 hours ago
wh9jvi6qzca7itfjmqm83a2di*              	true 	620B      	39 minutes ago
f41miay0brrexncyva6787qnm               	true 	277.1MB   	5 hours ago
xhxd0phc7s9w25ap9thxduom9               	true 	276.7MB   	6 hours ago
kq76y4lrxvf3jg5ddypms5lxs*              	true 	279.3MB   	8 minutes ago
xdhdzzs2c9xo28pg2d1lih94u               	true 	277.2MB   	5 hours ago
818te7saoaw9kc5caz5obxrdk*              	true 	420.6MB   	7 hours ago
7k4x9k9mwcuv4x5tizmu5sdfj*              	true 	420.6MB   	7 hours ago
n10rw73bqdb9rdmj1roj8n2b9               	true 	277.4MB   	4 hours ago
lt433n7ii6rd3z9siv7fkj1ue*              	true 	420.6MB   	6 hours ago
o3tltanaxr07bpkd5jjko6ib4*              	true 	420.6MB   	4 hours ago
s435lq4x1tj93uah03wn6sry9*              	true 	0B        	39 minutes ago
lzm7h2wzjxt5b4wec9z4m1btq               	true 	277.8MB   	3 hours ago
uua629e6wh4qizoyxbu459zud*              	true 	420.6MB   	3 hours ago
mmg0qhw4h2mxmz99rhtuxbpj7               	true 	279.3MB   	8 minutes ago
vq9d4ircp1gwjuc5v4vhxbrlx*              	true 	420.6MB   	39 minutes ago
x27j6874fjg1zwbupug16aoey*              	true 	420.6MB   	5 hours ago
x1aqw619oi9dndgxby8aai3qk*              	true 	420.6MB   	2 hours ago
kos9uvwo5kk999ihoa0d9qk99*              	true 	420.6MB   	39 minutes ago
tsz4f7agxrait8vh1xbs86pcw*              	true 	420.6MB   	5 hours ago
0rneia15ypyref3az0z39nevi*              	true 	420.6MB   	2 hours ago
xluwxxjaz0th3r3ch9z2l1y5z               	true 	276.6MB   	7 hours ago
qtedzq2tu96utbgo9guymyx6j               	true 	276.2MB   	7 hours ago
6hiywi2qn0zttaxn5473vniv3*              	true 	420.6MB   	3 hours ago
jdtda8g9uyaeg08p2ijedazkf*              	true 	0B        	8 minutes ago
dqz59eiue0wmvm7w8nu5eqvvz*              	true 	420.6MB   	3 hours ago
4li8vvg5jnfscsbry93vqggbk               	true 	279MB     	39 minutes ago
srwsspw3u6j8oma0w3n1kiy1s               	true 	276.7MB   	6 hours ago
ouiw9lcgqwtixbx9ba8wd0531               	true 	276.8MB   	5 hours ago
pe8ht3qe703li690yw77nuyep               	true 	276.8MB   	5 hours ago
u26mbbpqiwek8nfk47d90qpsc               	true 	279MB     	39 minutes ago
g1qy501xwm05fiicpgakiyenv               	true 	276.8MB   	5 hours ago
k90ubgucfcvnq3zwb9wlfglc8*              	true 	420.6MB   	2 hours ago
p38ysbg8srxs6u8cvm6drcl2r*              	true 	0B        	39 minutes ago
57ol4sldgtg49o1xsk471u4uc*              	true 	420.6MB   	7 hours ago
c3pdbhpe0vmsaahuikp8uvyqu*              	true 	420.6MB   	5 hours ago
y6uvl9eh1jiz5bular59vl5lq               	true 	276.8MB   	6 hours ago
xwt98edh17yrr6i7e7pkhpkb8*              	true 	420.6MB   	2 hours ago
tkh5uihjc4ubijyey0tqmu2ti*              	true 	0B        	39 minutes ago
y2q0uys84jfjbkyf8aamm0rru*              	true 	420.6MB   	7 hours ago
nzdbv2q0n8drym1vd5el6xd0j               	true 	278.6MB   	2 hours ago
uedkrilh654dcw10gy5palsle               	true 	279MB     	39 minutes ago
ufsiazt00xl0r59y0dvtmgfed               	true 	276.7MB   	6 hours ago
sxhzybspecx0czn1438xlt11l               	true 	277.1MB   	5 hours ago
e97hx7opqasfqw2hps48if6vj               	true 	278.6MB   	2 hours ago
tmxzekqalcdo7q72xcctzmh7h               	true 	278.6MB   	2 hours ago
igv5xxgx62rm6x7xttukt7s7z               	true 	277.8MB   	3 hours ago
p7mjub2vk69zfa87ysq1egy94               	true 	276.2MB   	7 hours ago
7pr62wuoryun1q2enjxopu2jf*              	true 	420.6MB   	3 hours ago
bwgn5e3dibgn7pbppvnrw2kpx*              	true 	420.6MB   	39 minutes ago
txbxeniqxoww8hhmnast4un2o*              	true 	420.6MB   	7 hours ago
v1mutfkcixlkgs0np9kkluuqy               	true 	277.4MB   	4 hours ago
mi7mcqa8y4or8xlq02a70n6on               	true 	277.7MB   	4 hours ago
qdpbjd3n3h78dt3fdelcxplyu*              	true 	420.6MB   	3 hours ago
tcgdyrieikdmo5s895j4s0jub               	true 	279.3MB   	8 minutes ago
fn5q3s3gn97soi26b13tgfk3e*              	true 	620B      	8 minutes ago
zn6ooz4eijnsvuzd814th6ntf*              	true 	279MB     	39 minutes ago
oysxuia6mf93lducl6nxii2rk*              	true 	420.6MB   	5 hours ago
pr3ub19w9gphek1e1c11polzy               	true 	276.7MB   	6 hours ago
w4tx507686km34lbqneej0jj0*              	true 	420.6MB   	3 hours ago
ndhpmitne1sj6682zu4lpnpwa*              	true 	620B      	39 minutes ago
a1fdl2es3vr5hecn9yl9wkdmp               	true 	279.3MB   	8 minutes ago
vfug3s94w3zig8kjq5jz33twz               	true 	43.59MB   	8 hours ago
1fslr0yd8qzupt7dd5pzfpzni*              	true 	420.6MB   	5 hours ago
w1rhdkuzwlpywagk8fbb128au               	true 	277.8MB   	3 hours ago
2vdbg5vu57pqx7sh2xnlhzek7*              	true 	620B      	8 minutes ago
izwrqu2w80y01qe1ruqm0yawt*              	true 	620B      	8 minutes ago
yy2o2n30e8u06aeohe7b71v7b*              	true 	279MB     	39 minutes ago
pgnksausv8t0guyextis34a94               	true 	276.2MB   	7 hours ago
kcnxoci0duiuods5y2csuf2c2*              	true 	620B      	8 minutes ago
rsd2o9ov15jicc8tx1wtwpdv9*              	true 	279MB     	39 minutes ago
pcb8815z0vgun9vqnqz8cblcu*              	true 	420.6MB   	6 hours ago
l2yorzfy0vqgpw3way5vq473t*              	true 	620B      	39 minutes ago
o9j8wuhoouxywer4zut943sxg*              	true 	420.6MB   	3 hours ago
5sub18tz396ykk1ssyq8cek34*              	true 	0B        	8 minutes ago
vzst90arejw6o9yovfsbftk6x*              	true 	420.6MB   	2 hours ago
vqodngi867gthog2ilpo4stgu*              	true 	420.6MB   	2 hours ago
4j9eia6waqk92qj8wj6oixghk*              	true 	420.6MB   	39 minutes ago
dux98r18f8nypq4ld1cvf2ufr*              	true 	420.6MB   	7 hours ago
cqezf82gz15mndggjck0sdt5k*              	true 	420.6MB   	7 hours ago
ondaipixw5a0f1x3rm21euw52               	true 	276.7MB   	6 hours ago
wbrqssg8vpvlq4lx7r5lyl80f               	true 	276.7MB   	6 hours ago
3wo2sfaa7dlc080ca3z8usnfk               	true 	276.8MB   	5 hours ago
w9gvk5cayjj85muk1rrypyqkn               	true 	276.3MB   	7 hours ago
444mlms6jg6lhuvw8lfjzexne*              	true 	420.6MB   	3 hours ago
ng06ckdgr1126zuudko3apj7z*              	true 	420.6MB   	2 hours ago
vg8es275237qpgfk7ulmwjowd*              	true 	420.6MB   	2 hours ago
lhc2d9m8srd166wqmniz9ff1u*              	true 	620B      	40 minutes ago
bchmbzsghu6e8xgxiuerbfu3e*              	true 	279.3MB   	8 minutes ago
e18md4yoh2hq873vitowpbfvz*              	true 	420.6MB   	7 hours ago
ohkojx80p3boopjbzf8ewxwr1               	true 	276.6MB   	6 hours ago
ttwvj8uqvl8qhea2i4bhhxd2o               	true 	278.6MB   	2 hours ago
n6lt5eforyc1f1yizvtef9u0v*              	true 	620B      	39 minutes ago
yr8jttopfu7yrjy97cz92px76*              	true 	0B        	39 minutes ago
oyy18yh1slg3uwltfi2vsqhrs*              	true 	0B        	39 minutes ago
a2mri9gzfob75w2ez0mk8j79l*              	true 	420.6MB   	5 hours ago
4f78veqrs5cw9sdkdpehhuvc8*              	true 	420.6MB   	8 minutes ago
f7u63j6mxwpu2qiqor5d7f3ux*              	true 	420.6MB   	5 hours ago
q6mgxmfybjhmqbts5788krpas*              	true 	420.6MB   	7 hours ago
h1wao75idfj395nu6839yljo3*              	true 	420.6MB   	7 hours ago
sklm1at5sa0ex63c9zfm0sk2o*              	true 	420.6MB   	5 hours ago
oiix50evu7crlfzqp1xwaol9h               	true 	277.4MB   	4 hours ago
4bfpmsun3w0ysdgzdj4lxhlfr               	true 	277.8MB   	3 hours ago
d13blgx2hx4r4quhuowq5hrtr*              	true 	420.6MB   	6 hours ago
ziuxcyxpg56srzvndvmf2ia8e*              	true 	420.6MB   	About an hour ago
7zb1d5ulz69ruypspki5gc9gg*              	true 	420.6MB   	6 hours ago
yc63xmezsd8c7wdrvzgrc0duy*              	true 	420.6MB   	2 hours ago
6i6qtvbyue6fhmec1py0tujwq*              	true 	420.6MB   	2 hours ago
vns81aezvtklg0c2d7jwjvkuy*              	true 	420.6MB   	5 hours ago
hwy3ris1kfak63xprb9plhcsz*              	true 	420.6MB   	4 hours ago
wciz5u79sfwn52xrmgjbu6duk               	true 	279.3MB   	37 minutes ago
oxfscps3psw6isfhhq36tr9x0               	true 	277.8MB   	3 hours ago
sv663zkfl8826or7t5hu49i7n               	true 	276.7MB   	6 hours ago
marxdiyg56kds2igxk9wuh0pk               	true 	277.1MB   	5 hours ago
7kqb9l4x6d1qeveardk3043cz               	true 	278.6MB   	2 hours ago
2gee5uidpnh1wdmf7oj3iqo53               	true 	276.2MB   	7 hours ago
fwoslqi7gtop1kvc1ypu39ubp*              	true 	420.6MB   	5 hours ago
idyvjpqpb2izs3ikonhzv5tr8*              	true 	0B        	8 minutes ago
rvj9amrnrwr5g39pqba8j1amu*              	true 	0B        	39 minutes ago
ybkfmq3byymetbpagjxvt6v47               	true 	278.6MB   	2 hours ago
svzzdvstl88ts1juzebgs9rmg               	true 	278.6MB   	2 hours ago
40pu4id6hhdeo3b8o5eimj2if*              	true 	420.6MB   	5 hours ago
s53hyko25k5wad0ltc0ttj6q4*              	true 	279MB     	39 minutes ago
t4a2mrsvcq9xbpesafy93txgl               	true 	278.6MB   	2 hours ago
5fnmksawf6yyh3wnqdkf3accr*              	true 	620B      	8 minutes ago
eyb6jvor0xcx1tq535qppq9sl*              	true 	279.3MB   	8 minutes ago
9u8rchbnt0ya5058fpchuq62c               	true 	279.3MB   	8 minutes ago
jr3e8097z712qo51dbk9zu348               	true 	276.8MB   	5 hours ago
sjfzp33ijy2e02nwlcyj1mdmy*              	true 	420.6MB   	8 minutes ago
ku7b91sf44wvaxqucvxj1s3d9               	true 	277.2MB   	5 hours ago
r8mk5c8q1wd7gpyxh5b7qwjon*              	true 	0B        	40 minutes ago
m7tcex1tcrkpcr2piyequb2a9*              	true 	420.6MB   	39 minutes ago
jvqo8taui4gyp9hbwalcdz41h               	true 	277.1MB   	5 hours ago
kxty3f7znerme71ykbi4awi31*              	true 	420.6MB   	7 hours ago
fdcvnq7xobex3xyb6ubl6twdb               	true 	276.3MB   	7 hours ago
3woczgt4d5si8fj6chca4gkez               	true 	277.2MB   	5 hours ago
rhtozg8c2kazymotej7rb5lyu*              	true 	420.6MB   	5 hours ago
wynx49cq9561ar6o6tgxl1xlu*              	true 	620B      	39 minutes ago
9r8ufqlfly2pndbqjz2c43y13               	true 	278.3MB   	3 hours ago
v2qvz50sgjj1618en3m64tad3*              	true 	420.6MB   	4 hours ago
twpre2r51sztnoemh765y8lbx               	true 	278.3MB   	3 hours ago
uf14g3cnrn4k8xajv1mwg122a*              	true 	420.6MB   	3 hours ago
3lxazcoaoy45fu5gvhtjlf6dc*              	true 	420.6MB   	8 minutes ago
a98fy8p0zi2yghadag1xp4bq8*              	true 	420.6MB   	8 minutes ago
1tt5jhagpiqrocsfqun88c42t*              	true 	0B        	8 minutes ago
tzwpi03ccs3h0fd6l3cb6gx15*              	true 	420.6MB   	40 minutes ago
nsebvb4h1hvqumwmfswxzvx64*              	true 	0B        	39 minutes ago
9k97yxbypzvat92k2q2dufs8v*              	true 	420.6MB   	6 hours ago
9kk4gium66u2sbv0059ep5je2*              	true 	420.6MB   	39 minutes ago
hwympxiidezv05nz3ee6u3k3y               	true 	278.7MB   	2 hours ago
yagdtedjcb5hkoxr5yqem8un6*              	true 	279MB     	40 minutes ago
stikfrjsatxvvupjdgvv1yjwn*              	true 	420.6MB   	6 hours ago
x6tez511vn6j7au4okufg2ft6*              	true 	279MB     	40 minutes ago
m0buvuankw5922jnf7uu2wbrt*              	true 	420.6MB   	7 hours ago
iuqdqugvvhq6xvn2p7xstffnw*              	true 	420.6MB   	5 hours ago
ix9p5bbx7m8x2j98r9ml91pxu*              	true 	420.6MB   	2 hours ago
qy36bwyin1of65wmutbko74ud*              	true 	420.6MB   	4 hours ago
2fo13xwtychzmuhf4mtqu2l5q*              	true 	420.6MB   	40 minutes ago
cnmmutt5pucj5s31gg6z78ax5               	true 	277.8MB   	3 hours ago
43wn8lvupq43h33lob8s4rmx2               	true 	277.8MB   	3 hours ago
ht94p3ksebe4jd4bl5ly40ks4               	true 	277.1MB   	5 hours ago
8yhub1th7edjr6f0k9q2yis4t*              	true 	420.6MB   	7 hours ago
h1vekvxigmpesdxizo9d4nwy6*              	true 	420.6MB   	7 hours ago
iu7w071qm8jltjffc58lyi8i5               	true 	276.5MB   	7 hours ago
d7u4jkjoseqce57i5ki8pnd2n*              	true 	420.6MB   	40 minutes ago
yk6vzl9ulhq9g4z3hpr25ue4z*              	true 	420.6MB   	2 hours ago
vt1x7ed8x6dwvtmozri63iz2y               	true 	2.022kB   	7 minutes ago
3xd6ekipm88q8iyijxyxwpu0o               	true 	278.6MB   	2 hours ago
pwsk6jisar0tpflbwzner6jqw*              	true 	420.6MB   	7 hours ago
9ktbvxzjthvw4ah6fjakaf182*              	true 	0B        	8 minutes ago
ufdfb0nv5yoyh0o1tynmexbwl*              	true 	420.6MB   	7 hours ago
p31jshx8bhql7j4yll089weh6*              	true 	420.6MB   	6 hours ago
ar3txubwfi7d0axcuyc1n1tgp*              	true 	0B        	8 minutes ago
dq11ssg64zomxraltzil12f9f               	true 	276.3MB   	7 hours ago
vxecr6fks6ush49pnl92d3bi5               	true 	276.6MB   	7 hours ago
cow16atcc3udom35zlk84usun               	true 	276.2MB   	7 hours ago
zihwhxxyo3brotb3w0el7npdc               	true 	277.8MB   	3 hours ago
zy9542nvogxmjhn4bvqsce43a               	true 	276.6MB   	7 hours ago
iu9o7jeavfljhzehxkahp1ja5*              	true 	0B        	8 minutes ago
7mri9oklnc2kj2tfkcapi26nt*              	true 	279.3MB   	8 minutes ago
zib9szpy2y624jatferuci2hj*              	true 	420.6MB   	7 hours ago
o5k8vmn6dyjta5dxrufwqarnw               	true 	276.8MB   	5 hours ago
rhgf0trbwnttpa8p3ll0jkh32*              	true 	420.6MB   	5 hours ago
bnw9e1otaygqk1pa68ylmf6dw*              	true 	620B      	8 minutes ago
2y4rpogrtf9ksn5yco9tjlp1a*              	true 	420.6MB   	8 hours ago
tt737fxbkzfpry575wobe255n*              	true 	420.6MB   	6 hours ago
ug2h1p33jb9glv4k6gr0pqki1               	true 	277.2MB   	5 hours ago
55xft5pi6qvn4no7s1899yvnf               	true 	277.2MB   	5 hours ago
bxbu5lt1r3innyv3tf2p29h4y               	true 	277.4MB   	4 hours ago
ihxbeu37cg0iqbhzsmst2qzwg               	true 	279.3MB   	8 minutes ago
o79zezicsxur2l9zuioaf4i06               	true 	276.3MB   	7 hours ago
yz1g1hitw924bo0i0nkowdq8l               	true 	276.3MB   	7 hours ago
mkp9wnw6rltm3wbiwte0ko8hl               	true 	276.6MB   	7 hours ago
nq24t11oypo3551kxyz1lq0b3               	true 	277.8MB   	3 hours ago
gmerzpiabg9qgcnoutupz4qq4               	true 	2.022kB   	5 hours ago
c2mz89754v0l05wcg14nfxqjj               	true 	277.5MB   	4 hours ago
dkv1bxxsizetl0vgq2y031np0               	true 	278.6MB   	2 hours ago
5ylv9xzfpgula6y9j0u8lsjng               	true 	277.2MB   	5 hours ago
nu0qf73il0eqaz2qaq3udiwsf               	true 	277.2MB   	5 hours ago
j20zqnn0pj5tddqu82rkadjbp               	true 	278.6MB   	2 hours ago
pehqh8onb2sje8r6z3rnpdwej*              	true 	420.6MB   	7 hours ago
mlzuxr3agu6v173kijox902f0               	true 	277.1MB   	5 hours ago
g7bpne4k6uq4apswecft948k2               	true 	278.6MB   	2 hours ago
k5xko2r9pqbq5do0bpgzlrrsy*              	true 	420.6MB   	5 hours ago
3dl7dcxi601nxgzqjijghjk91*              	true 	420.6MB   	40 minutes ago
sb20jp6ocz0glesa6cl7bycx0               	true 	277.1MB   	5 hours ago
yeg3lvpau1263envkp6gjvcyg*              	true 	420.6MB   	40 minutes ago
uou037rfqz5a5d9cztfsh91nb*              	true 	420.6MB   	7 hours ago
urgjfvfneqn0xfx5mr5as13cx               	true 	276.6MB   	6 hours ago
nek62ug9hzx1v2jzcy8tky4jx               	true 	279.3MB   	8 minutes ago
rc86b029aufx1yvx1ang1u3bd               	true 	276.8MB   	6 hours ago
orva44lvk7uaceq78t5sp8c56               	true 	279MB     	40 minutes ago
l8ju0yfaogj7jsnj1rd1pltqp*              	true 	420.6MB   	2 hours ago
kmnkq659sv3spf9oy66mcbxts               	true 	279MB     	40 minutes ago
d6kt1o1eogdrsurgpr80j6v9a               	true 	276.2MB   	7 hours ago
p4e6iawg88vry7i1b2j979ull               	true 	276.6MB   	7 hours ago
rpzrixu8mat0zl53mov0l7y9l*              	true 	420.6MB   	5 hours ago
im8cc6welp12oppppqbjxdnwx*              	true 	420.6MB   	3 hours ago
g73nww0wwzoffwbsyh4sbcyf4*              	true 	420.6MB   	8 minutes ago
l2o1k92s31dtmrem02sa4e8gg*              	true 	620B      	40 minutes ago
002adke616f9ofaxgtkq7tgna*              	true 	420.6MB   	2 hours ago
8owp2h0vsm3ccvvl8tckqgwo8               	true 	277.1MB   	5 hours ago
ku228ypoi92mrsww5nhkzpm1p               	true 	279MB     	40 minutes ago
kgzf3a6a5enhcw6qjaavza6yx*              	true 	620B      	9 minutes ago
l2gn0mpkerofbbjfi2zk3ludq               	true 	279MB     	40 minutes ago
ai4h1z7tgl7lyzt62ikxn6mvu               	true 	277.4MB   	4 hours ago
psbihxrqxweujxzhgnie2dzus*              	true 	420.6MB   	3 hours ago
n6f2eg5nbmvwaxoud7haq11lf               	true 	279MB     	40 minutes ago
alykvpuydw6w77fax9br6dupp*              	true 	620B      	9 minutes ago
ojebduqriz2mzjqcb8hfs3mmq               	true 	276.7MB   	6 hours ago
stuixrrk535qbt348tq5mbtoy               	true 	277.8MB   	3 hours ago
0peasc9fxaqj8lz8kxwr5pvy9               	true 	276.3MB   	7 hours ago
tidjs3xqhzjuk9l19lcewh5ib               	true 	278.6MB   	2 hours ago
ucn1fwbnei188ivspjjho5ord               	true 	278.6MB   	2 hours ago
it16h9rq4ct2rhypxuwnl7yqa               	true 	277.8MB   	3 hours ago
tg81jq3180mplaq8u1e58kh3m               	true 	276.8MB   	6 hours ago
i7vr4xr419ek2e94atl4292uq               	true 	277.2MB   	5 hours ago
r6ome92hxvs8bt9it1lggzwot               	true 	276.3MB   	7 hours ago
7yuto7usuev588w3eqjjvq5mx               	true 	277.8MB   	3 hours ago
rvz23aracwzo5fnvohtbi7u5v               	true 	279MB     	40 minutes ago
n2krijpbqrk0azglh5gzo3del               	true 	276.7MB   	6 hours ago
19f9bzvy9epdzwt37t2zvryq5               	true 	276.8MB   	5 hours ago
yt7qpx1xlh6fmvkakpjxt684a*              	true 	420.6MB   	7 hours ago
r30e12rmueckbdleya5ptllw6*              	true 	420.6MB   	2 hours ago
0dpx980emve5laeno7i216t6k*              	true 	0B        	9 minutes ago
j153b3xieah8tpjb0k0haxc3n               	true 	278.7MB   	2 hours ago
ox93306029rb59zehfblx053t*              	true 	420.6MB   	40 minutes ago
4bn4lhdohropzhx6wo6nxgzhk               	true 	276.7MB   	6 hours ago
kcaoe9lioi5vjv2nkn2svsa4i*              	true 	279.3MB   	9 minutes ago
0ge2cdqo97k01ygpmwt2zssdl*              	true 	0B        	9 minutes ago
mynuyizdrisycqee4val53bgt*              	true 	420.6MB   	5 hours ago
ofqswf2hgyiixfanvcgg8ffmh               	true 	278.6MB   	2 hours ago
zlvdt5a3tk27vb8uamwsfnnp3               	true 	279MB     	40 minutes ago
n3chgz2s8p3e17d1n9l581pan*              	true 	420.6MB   	7 hours ago
gym63v3sme0mujrn292myuq3v*              	true 	420.6MB   	2 hours ago
45h949rgg3yayt7uk8joiq0lf*              	true 	420.6MB   	4 hours ago
s4uzz8w157om4krklwv9ytjhr               	true 	277.8MB   	3 hours ago
nuo6doyh6rh8zlbqkggbzgjtk*              	true 	420.6MB   	9 minutes ago
nrkg6grqukjm739xjoq76u1lj*              	true 	420.6MB   	About an hour ago
usythbwys730d31bneyy36fo8*              	true 	420.6MB   	4 hours ago
kxmcypagz67fgzsvzeyqilomt*              	true 	420.6MB   	3 hours ago
i2liulmeedey6hgnktrjd6kpn               	true 	278.6MB   	2 hours ago
h7lfl82fmwai7vt94g57po7xa*              	true 	420.6MB   	2 hours ago
oirpx7acqddtyt7rl2ghntlld*              	true 	620B      	40 minutes ago
i9nsa6q89m1siho0v8a36oxo5               	true 	276.7MB   	6 hours ago
izw09q5brfx5x0dklxosbjw7l*              	true 	279.3MB   	9 minutes ago
516f5oikffq5gd5ghjuw55d21*              	true 	191.2MB   	5 hours ago
9gc2gyshcnm6igoh3cyb4p3tx               	true 	276.7MB   	6 hours ago
fim1iba7aomethol5izy1zahm*              	true 	420.6MB   	2 hours ago
7xmwh0luo2xanqx4c1vde6biq               	true 	279.3MB   	9 minutes ago
vy06qnlhu89vfzsdgb8hai4aq*              	true 	420.6MB   	4 hours ago
cnnasxr81090yb3kwna08lcnw               	true 	276.6MB   	6 hours ago
yy4cywfrrzk1k0ubbbp4tmwc0               	true 	277.1MB   	5 hours ago
6a35u92gqcxir6bqxpx6kgxzu*              	true 	420.6MB   	2 hours ago
x84ih4z6itw4qnwacr1t1nuu0               	true 	277.2MB   	5 hours ago
23hij4ok35x58iozxf586b82i               	true 	276.2MB   	7 hours ago
qfabhzu6l8z4qmxgrzmr8hii9               	true 	277.1MB   	5 hours ago
5im3fbb9ahojhsmwthht1p96n               	true 	276.3MB   	7 hours ago
7niv8nehbuvg8y5kvrzrmi941*              	true 	420.6MB   	7 hours ago
i9lgx22rg0ksbn7i02u7co3ap*              	true 	420.6MB   	6 hours ago
nfpz7v5rpv3evd52rvdy4gb3l*              	true 	420.6MB   	5 hours ago
ctrfn1zo45xvm4krp0bazmmha               	true 	279MB     	40 minutes ago
tbe8s0xkq2t4jnj38qd14f4r0*              	true 	279MB     	40 minutes ago
3k7lew90fcvcwenkubs5qii4p*              	true 	279.3MB   	9 minutes ago
th32fznriv7tbq5o1tedl8mtv*              	true 	420.6MB   	5 hours ago
3hraqycqd4uiin64jgplfql74*              	true 	620B      	9 minutes ago
5jg18dutpx6pu3dtxgpeqk2vl*              	true 	420.6MB   	7 hours ago
th0apqkfycclsdl7sfxocwex8               	true 	276.3MB   	7 hours ago
ryfwk7tlimhq8q2fb5pmhx04d               	true 	276.3MB   	7 hours ago
d4bkdh7bbuahejgmfj90qnewi               	true 	278.3MB   	3 hours ago
v6tn0yx3i3aa9roksil68848m*              	true 	420.6MB   	6 hours ago
mogu7mn59pvwydl624winmfc1               	true 	278.6MB   	2 hours ago
eatqdj5hohaaz8u62ptcl54sp               	true 	277.4MB   	4 hours ago
mayewj1z3ndr3gie9wepeabjd               	true 	277.2MB   	5 hours ago
vg6q1ztco41oh5v2pau8b1sju*              	true 	420.6MB   	6 hours ago
ifayylox61ltwxynpvsvu9rxt*              	true 	420.6MB   	3 hours ago
wefbt62axbbj698wbuqxrkeiy*              	true 	279MB     	40 minutes ago
yeutw4l8gkkbayhh9tt0i51ak*              	true 	420.6MB   	7 hours ago
7c6b3hfcnx646xbjq6xea9xxu*              	true 	420.6MB   	40 minutes ago
x16nldk15cm8nr6axhkdigro0               	true 	277.1MB   	5 hours ago
u9ybl0cwensrxodscg1ku2hub*              	true 	420.6MB   	5 hours ago
jwkrxaxtk9eo10i6w80ums23x               	true 	278.6MB   	2 hours ago
m0j5xoawvyo0krppsdo4vxhlu               	true 	278.6MB   	2 hours ago
lc78ufvia49wz89yg70o2qn35               	true 	277.4MB   	4 hours ago
semqejuh0fe0evf94xchliyri*              	true 	420.6MB   	5 hours ago
ntc9rhk2wu5xjywzr7cyiwmwy*              	true 	420.6MB   	5 hours ago
hynloopae1w0xdkh20jofmzz0               	true 	278.3MB   	3 hours ago
vpdf92rta0zaieoqvdfnyex3f*              	true 	0B        	40 minutes ago
0fy4uuwoe9tljsbqv1rp8018e*              	true 	279.3MB   	9 minutes ago
tj5cfomigrqt4f1d0jxac6vbj               	true 	277.8MB   	3 hours ago
gey6bzqdjott3q9lpdzidso46               	true 	276.6MB   	6 hours ago
4qbduh1d55hm4ebhi3ydpm9mg               	true 	279.3MB   	9 minutes ago
pljsho4izdcf0xo2i284qusd0               	true 	277.2MB   	5 hours ago
r7ey68j030ayueyxs0lez9atx               	true 	277.8MB   	3 hours ago
4rma4zsblqw0nym98lcpfj6bi               	true 	277.1MB   	5 hours ago
u3jxme1f4okrl26ivt7wk4jsr               	true 	276.6MB   	6 hours ago
0h88o1r7qdcweo1kxluo9twfq               	true 	277.1MB   	5 hours ago
1dzavz8q94jxu7brqpi3378mn               	true 	276.2MB   	7 hours ago
47usiyuatjbzn4n7qtvc9eyft               	true 	278.3MB   	3 hours ago
m8p2pdsmnsx4t2dat8ul3l3he               	true 	279.3MB   	9 minutes ago
p8sxl9srhsuhhbc4qxzkty3nv*              	true 	420.6MB   	2 hours ago
pxyweni8v7clf4keujzbo0mbs*              	true 	420.6MB   	2 hours ago
u3rim7ihx1netskzqml6m0g4y*              	true 	420.6MB   	2 hours ago
thq83q0nbvey4mmbbrig0n1yl               	true 	277.4MB   	5 hours ago
34d2btf83h4cr7tcverz4hl38*              	true 	420.6MB   	2 hours ago
3kon6hprq2xmk1kpqkilzgq8e               	true 	277.1MB   	5 hours ago
hwkvncld46ehprsqypbc0j7bf*              	true 	420.6MB   	6 hours ago
uma450d8exgi4e04hp90tcf3w*              	true 	279MB     	40 minutes ago
iixulaurq8884v7p2gzhpi8i4*              	true 	420.6MB   	6 hours ago
y1k79f13zm30rd017fqp9unh9               	true 	279MB     	40 minutes ago
4fj23l6ait69yhlxrwuj39mxz*              	true 	420.6MB   	7 hours ago
zc5v64ihvvqw6jdfq1f31oizg*              	true 	420.6MB   	6 hours ago
302ndxyve5paczkbstl3b0ef7               	true 	278.6MB   	2 hours ago
qwoign09acvpxlhs38h6dc93t*              	true 	420.6MB   	9 minutes ago
ltot29a1oyr7wzwele4ceozlj*              	true 	279.3MB   	9 minutes ago
z2eowy6dc4spfnrqpjyioidyv*              	true 	420.6MB   	7 hours ago
npxyub646x7vgam06vv434lnk*              	true 	0B        	40 minutes ago
pp9jj9jjfu0ikm1o629xt3yct*              	true 	420.6MB   	6 hours ago
z8xmwj4eei5b3o4wvqya537s8               	true 	277.2MB   	5 hours ago
vo265439kpa01w7ao3agsbgl8*              	true 	420.6MB   	40 minutes ago
uu3qkvcoocjtpq5uftc6drhew*              	true 	420.6MB   	7 hours ago
c2yxvx03rylezke7gwgnulp0z*              	true 	420.6MB   	6 hours ago
9625u0jxslimqseb0fhol2s0w*              	true 	420.6MB   	3 hours ago
x7cqs41v5v51tp2ag1owb1ljq*              	true 	420.6MB   	2 hours ago
gwz1dhr6n0prbx99nh2v2yoeh*              	true 	620B      	9 minutes ago
p39ugxprxwc9z0f0srh79lnts*              	true 	420.6MB   	7 hours ago
zahl59ftwergyr829uvf079gq               	true 	276.3MB   	7 hours ago
w39jw15qfys5eiiupvd2ielfk               	true 	279.3MB   	9 minutes ago
mnw58qudz1u4grxm18qmde1mp*              	true 	420.6MB   	3 hours ago
4pmo1kqbjgvb2w2575jgf05jb*              	true 	420.6MB   	2 hours ago
rggc3uwvvna9eoyol0tq9xd6u*              	true 	420.6MB   	40 minutes ago
80krr6raec08efbcbhmyowd53*              	true 	279.3MB   	9 minutes ago
2ipp18fba182ta4z8snot489b               	true 	278.6MB   	2 hours ago
f2sz2rr4ivvfviucsfae54tnt*              	true 	420.6MB   	40 minutes ago
mgfxkptzohpymkqbtudmxbo72*              	true 	420.6MB   	5 hours ago
q4mw2g2pyz5a7g50mnm8m4t4z*              	true 	420.6MB   	3 hours ago
wltx7fmenqckepyhhqpyk12mh*              	true 	420.6MB   	2 hours ago
jsej2ppp5n6u4l6yba05e3wid*              	true 	420.6MB   	3 hours ago
olsk1o0mrc6bzim8qhrwugvu2               	true 	279.3MB   	9 minutes ago
5j6j8h642fw532drgareed5j2               	true 	276.7MB   	6 hours ago
of3cftc3jzp7ijndq37ea8nlw               	true 	279.3MB   	9 minutes ago
ri3yl72v6ltqntfq9bykb8f7n               	true 	279MB     	40 minutes ago
p3k6iyi263quywvhl2lgr25xl*              	true 	420.6MB   	9 minutes ago
q0jzeyjcuvqsyw9nitqejt28j*              	true 	420.6MB   	9 minutes ago
2he8vu0k4u4ounesugbm2y2bn*              	true 	0B        	9 minutes ago
r1emimw95sulxmchps1684w9c               	true 	278.7MB   	2 hours ago
vp6gp85lxu30r90n8ik6qw9ec*              	true 	420.6MB   	40 minutes ago
sg6m1vzpyru4gefon71vn255i               	true 	279MB     	40 minutes ago
y3wrgeheqsbwbbh6u435dop9m               	true 	279.3MB   	9 minutes ago
noyyn81lbtjs0kz2w21ow5fm5*              	true 	279MB     	40 minutes ago
hoz0qtn3ppaa5ngh5kt2nh9ct               	true 	277.4MB   	4 hours ago
cda51b2w3l6mxvvm7maolql0o*              	true 	0B        	9 minutes ago
v8i12yxwi4lrfnvqjrk3i9vka               	true 	277.8MB   	3 hours ago
ihenmmppfwy3ouss7hmcrn7il               	true 	277.2MB   	5 hours ago
oluqgcmv9gnpanurrydxivdut               	true 	278.3MB   	3 hours ago
4lwobuaukkglnztkn44d89xf0               	true 	276.7MB   	6 hours ago
bhg1721nzqi2cx8kc1jot4xmc*              	true 	420.6MB   	3 hours ago
a8x9sax9yek0x6l45uwbd798t*              	true 	420.6MB   	5 hours ago
so4lw97qs6klbh7kd99xvtcbv               	true 	276.3MB   	7 hours ago
eg8j9kunh8c0y57kb6mm48klo               	true 	278.6MB   	2 hours ago
sm03mlothxyyxobxcdkk3bmdj*              	true 	420.6MB   	3 hours ago
8c1wj247fnwfdy2nemxphl9iw               	true 	279.3MB   	9 minutes ago
r8yypmibhke1cfairz2eaf843*              	true 	420.6MB   	9 minutes ago
v7oka5qkggcxw0kfvxd415vel*              	true 	279MB     	40 minutes ago
v7d2ddj7833im5kglswrag4po*              	true 	420.6MB   	7 hours ago
8gy2x6nrky6gyokdhgmw07efn*              	true 	420.6MB   	5 hours ago
toiym977uwkdgdj6ri6x7uud6               	true 	276.3MB   	7 hours ago
wco74frcut6jwbzafmzz5nssr               	true 	277.1MB   	5 hours ago
7ttvp9ukecmd80yvhta726i72*              	true 	420.6MB   	5 hours ago
y8qq5e6ws4yon82af4igm02xo*              	true 	420.6MB   	5 hours ago
ezvraz9j0v4eux69qhj5e2jsr*              	true 	420.6MB   	4 hours ago
tq8slfkxyulhukzb1oyavbled               	true 	279MB     	40 minutes ago
30bcbeaj5nfr1ja1qw3ih1rmr               	true 	279.3MB   	9 minutes ago
vswnf0q67wcjlrmrxun1ymki1*              	true 	420.6MB   	3 hours ago
smte0i8r55fkpxfib26hesp70*              	true 	620B      	40 minutes ago
kxm805vdqf31o096fa8fq5kcx               	true 	277.2MB   	5 hours ago
qc3wxyrzwrtk5e9jataqirim6*              	true 	420.6MB   	6 hours ago
yqe7jb0ryndcffs5k21sqban0*              	true 	420.6MB   	2 hours ago
lvnw9bh6nb6nbtvlmt2flid3y               	true 	278.7MB   	2 hours ago
2agrxl4kxw09s1i7wywaty7b1*              	true 	420.6MB   	5 hours ago
85y4jo15f79iqv3evxmzzn9da*              	true 	620B      	9 minutes ago
6n2jpwyw33zlh9ucmh3hqqq4v               	true 	279MB     	40 minutes ago
wks0ucn32akb5hh6vqhkv32rf*              	true 	420.6MB   	9 minutes ago
zelfiz53j5ybqzaz0y0r64suf*              	true 	0B        	40 minutes ago
zbuco07wq7p1nlbfuyf0thenk*              	true 	420.6MB   	7 hours ago
6y0wc1y9ud5tzu5yqjh5nfvf5               	true 	278.5MB   	3 hours ago
x9vkeivdkkcgeuc1qjfap200p*              	true 	420.6MB   	6 hours ago
pu138rjua17a15uhkgsgbj609               	true 	279.3MB   	9 minutes ago
seg17vmp1gtdgdbskfckw1elu*              	true 	420.6MB   	40 minutes ago
x6odl68jka4y9dbzfj6hjfjl3*              	true 	620B      	40 minutes ago
1q2fpouz1ybd1lbp93zr3caat*              	true 	279.3MB   	9 minutes ago
i6y5y9ropmlwo4jr9umjyztfe               	true 	276.7MB   	6 hours ago
o2pmxxvoob3ya5sj4zo0f7y4b               	true 	278.6MB   	2 hours ago
llkqp04l10wyg3vtl3tneodcl               	true 	276.7MB   	6 hours ago
7cseqg2bez9wz3mi3k04rzuij               	true 	279.3MB   	9 minutes ago
q291jh7gx20fvg1v5tz7irnle               	true 	277.8MB   	3 hours ago
y4m37del0hkety7cwv2auqvj8               	true 	276.7MB   	6 hours ago
5q90jqhlgz60j5mec1ge6znrt               	true 	277.4MB   	4 hours ago
pos4ml27jax8ulzykl6y8jy9h*              	true 	420.6MB   	6 hours ago
87mc0681388mu07sq78w2rugk*              	true 	420.6MB   	7 hours ago
rpi1yrrf80pyo7hgmtp5sdsl4*              	true 	420.6MB   	4 hours ago
s1a0xklwmo1v908gq4fwhygm4*              	true 	420.6MB   	3 hours ago
xvj7oh9w55n5jb0l0gojtgnhl*              	true 	420.6MB   	5 hours ago
t24a9h3ehu51rq0c7u8ssmdka*              	true 	420.6MB   	3 hours ago
tjjg83ue9dlqurl3bijk0x17i*              	true 	420.6MB   	2 hours ago
seotlsdie078f5oilings5jfb*              	true 	420.6MB   	6 hours ago
jjk2t5oo20zqrzk1zv8pegbpo               	true 	276.8MB   	5 hours ago
j7osy0tn7tim7ed0zjxldi3u7*              	true 	420.6MB   	6 hours ago
rmsuld7epekynpgbj6w32o8mp*              	true 	420.6MB   	5 hours ago
l9qfxdtby5y89qkf94lq6auiu               	true 	276.8MB   	6 hours ago
3pkq1ox1vkagb540kjr4ivhts*              	true 	420.6MB   	3 hours ago
t9x7988znipm81hbypuuowbz4               	true 	277.2MB   	5 hours ago
u92fviv6rh3t0x6r2spyty62k               	true 	276.6MB   	7 hours ago
x9fjv9xd0g0hx5xykvbrcu4h4*              	true 	420.6MB   	2 hours ago
6fr5hglirkz8syb67nm04zvt5*              	true 	420.6MB   	7 hours ago
lenufilijz7r6guoyvafh6u7d               	true 	276.7MB   	6 hours ago
cbwn18fmrit43kpkxe0f4q273*              	true 	420.6MB   	3 hours ago
6btznmfbbmmjuelcfpbzrpngk*              	true 	420.6MB   	40 minutes ago
pkr0ygrlg6s5rp6vry7vgmwt0*              	true 	420.6MB   	2 hours ago
zikmnl9cxq2mepkfqqd2wykkq               	true 	279.3MB   	9 minutes ago
j3d9zy4avulw5hv8pp8cizpni               	true 	278.3MB   	3 hours ago
hzxdr2ufihvmr5yb36rsgy9wv*              	true 	420.6MB   	4 hours ago
u4emxurolmv3x7wt6828l6z23               	true 	279MB     	40 minutes ago
nvbd77ima4zfrbgn0oxn1km43               	true 	278.3MB   	3 hours ago
yaqwomuiw86qozv4mfdxl280e*              	true 	279MB     	40 minutes ago
b85wdv3db4c33eoyn0a52mec7*              	true 	420.6MB   	3 hours ago
2ysdkcqxgi52gnnhs3cvjbint*              	true 	0B        	9 minutes ago
riyzgi87ivzy9lb80wa6cfhwv*              	true 	420.6MB   	7 hours ago
lly2pcvjdooh9jgdjm8mhxny1*              	true 	420.6MB   	2 hours ago
ksl3qu5hzlf5ntd6913ev5l38               	true 	278.7MB   	2 hours ago
t66xbl717xx2yownm9om4xw78*              	true 	0B        	40 minutes ago
nez18pr8krwm20mbws7luzvmz               	true 	277.1MB   	5 hours ago
r0awq8bfqvm0dbilnc8f3dj14*              	true 	420.6MB   	6 hours ago
slc0jlhcnmgrg36ig9aoilrzb*              	true 	620B      	40 minutes ago
xpfy84v9nv04j8pcbevyfu1qp*              	true 	420.6MB   	7 hours ago
ti4hjlhajnru3nogqqxt1dr6p*              	true 	420.6MB   	5 hours ago
odeq44sbqiki8bcauei3xj19c*              	true 	420.6MB   	40 minutes ago
7bb85pfd4unsudq55tajevcor*              	true 	420.6MB   	40 minutes ago
pi86fvk1jysxqn13g9tk0u0we*              	true 	420.6MB   	6 hours ago
ux2gspdgivjo5kpuu7j8lqeiz*              	true 	620B      	40 minutes ago
6q0gz409bfhytjgkdia06ztwd*              	true 	279.3MB   	9 minutes ago
nyi4wewlbijn99wexd8ql766s*              	true 	420.6MB   	5 hours ago
f7jpb1rc2ajfdqubzp6dxg7w0*              	true 	420.6MB   	41 minutes ago
yfzpwno9lvjdbviafbu1cuj2w*              	true 	279MB     	40 minutes ago
m9b4p8jrojgvu8qxebf2qptj3               	true 	276.5MB   	7 hours ago
64t9824yvv6tbeebkkp36ds8h               	true 	279MB     	40 minutes ago
kvxtu54eqvgstc1z6gtcbdz04               	true 	278.3MB   	3 hours ago
ihveb6lo44eyyrw6rqisl9kpy               	true 	278.7MB   	2 hours ago
koobh7ga5j61rwjdhe8r5n1xp               	true 	276.7MB   	6 hours ago
56af41v4l2terzkvicpdy8vfd               	true 	276.3MB   	7 hours ago
l8rjqg180djw3a8sk5nndktc6*              	true 	420.6MB   	40 minutes ago
m3kmvxvh9saujes50o0tdlu6e               	true 	279.3MB   	9 minutes ago
w1f7fwnq6yungsa4bpdx39bs8               	true 	276.3MB   	7 hours ago
jd7yon1bkyi69qvfkf56xlk8v               	true 	277.8MB   	3 hours ago
y0yzuf3lyojwa8odstl93yuc1               	true 	276.2MB   	7 hours ago
90zkreeelnkjn48zz7j7xy16s               	true 	276.8MB   	5 hours ago
jlgzhl9fdpt13lrzuf6ev3ohl*              	true 	420.6MB   	4 hours ago
cf6m8li3lgfa3jabd4jkwbhqu*              	true 	420.6MB   	4 hours ago
5542x85540ucwgzjpoqmz6v68               	true 	277.7MB   	4 hours ago
8s9vphmk4472vdaguf1tnnyaf*              	true 	420.6MB   	40 minutes ago
vrl411la5i54i3ab12n60gcf4*              	true 	420.6MB   	40 minutes ago
vzkfqme1618ik0fy2taswwqnl*              	true 	420.6MB   	2 hours ago
uiw7aw50u2iu0q4cuk1a1gib4*              	true 	620B      	41 minutes ago
ahgm8ygjae3hur2v76qdeexfw               	true 	276.2MB   	7 hours ago
r5o7x1jfocdsj7g8zyqfhknlv               	true 	276.3MB   	7 hours ago
xxmdqrsyx7pae2o75jokqpmu6*              	true 	420.6MB   	4 hours ago
uxucgpjunla7ydv0s4sa8r04z               	true 	279MB     	41 minutes ago
wdetenfoaebgz9iwfrfag95o6*              	true 	420.6MB   	41 minutes ago
ks2kck1sir0i217j27x5ltkcx               	true 	278.6MB   	2 hours ago
t8orcy5b64aetjishue80vuyw               	true 	279MB     	41 minutes ago
kmpa8p6u6zo3l5d941ct0jujw*              	true 	0B        	9 minutes ago
ke6f1j7x0qbhvudjv43zb8p81               	true 	278.6MB   	2 hours ago
h4scaco5nqdrlwalse0hu8lbd               	true 	277.8MB   	3 hours ago
xhqwn2kmg1lizxhyylf9ub8tx               	true 	278.6MB   	2 hours ago
omlqk287giqcv7ym5270hh2mi               	true 	277.8MB   	3 hours ago
y4gy711nv2qljy36j24usnicc*              	true 	279MB     	40 minutes ago
wrr2pj4qeu6o23tfa6bjqvt4g*              	true 	420.6MB   	5 hours ago
nvm29yyc0b5gcrcp1bkwwlhgj*              	true 	420.6MB   	6 hours ago
r4f6qxeno77tq8u3wfz7zf5df*              	true 	420.6MB   	5 hours ago
doeu6tq11i951by0477tw1bds*              	true 	420.6MB   	4 hours ago
ivvzu6nccqpt2hl05p45um555*              	true 	620B      	9 minutes ago
liolmobfjofse88mxxcpvvla8*              	true 	420.6MB   	5 hours ago
isfonmgt7lpa1iapnfkurkt7m               	true 	276.2MB   	7 hours ago
yom6455ntp8et7767e02ebyc9*              	true 	420.6MB   	3 hours ago
lya53is8gw2hxe2nu9yw3eizv*              	true 	420.6MB   	40 minutes ago
lkoj0cjxqaucts5fj82jrhsj7*              	true 	620B      	41 minutes ago
zoiiczuwbdk3m34ww2fprxnxh*              	true 	420.6MB   	5 hours ago
ulmca4bsdismi9poyzbjofojp*              	true 	420.6MB   	41 minutes ago
m04aosn9jjtrnzwtybvjiu3vr               	true 	276.7MB   	6 hours ago
7yoqs75k94mllprsdjgtokvpu               	true 	279MB     	41 minutes ago
dzwspah6coewto8tck3r9gnk0*              	true 	420.6MB   	2 hours ago
1hrjwhfqw9hj7oh9e9fmrxbny               	true 	276.8MB   	5 hours ago
cii4bin0zdz6dnlth8tsg5p03*              	true 	420.6MB   	7 hours ago
jxoqyacg0fff1t8h0mjze99xg*              	true 	420.6MB   	3 hours ago
om8ewcsjsuuchanuhyys4ou9s               	true 	277.8MB   	3 hours ago
ibxscuszkq3mlg8t0tbvn3dvi*              	true 	420.6MB   	5 hours ago
hn7no8xfwjxw6vcwgserybvpr*              	true 	420.6MB   	3 hours ago
7oltl9i0uogt05aqbzr377sz4               	true 	279MB     	41 minutes ago
hr6svwthk3ipcz17zhk6hmp2g               	true 	276.6MB   	7 hours ago
tj3pikthfhpvoej5t2vpv9o00*              	true 	620B      	41 minutes ago
l85mlonfoqah1iwypl4iupcg0*              	true 	420.6MB   	3 hours ago
p2oys2dcttg30sivyqm27z6j5               	true 	278.6MB   	2 hours ago
ds450dtzd7yh2c2qezmukiak2               	true 	278.6MB   	2 hours ago
dxbj73e9cm1gd6fj9nxk8d97e*              	true 	279.3MB   	9 minutes ago
j3lyzv8o0fy9vr6f1r4g91v6k               	true 	276.2MB   	7 hours ago
oji3lvmvrmjphzohqdvtbpjk2               	true 	276.8MB   	6 hours ago
amgmkdp0z5gcjnt88g4d4rnge*              	true 	420.6MB   	5 hours ago
s83lcif6ovydxu92jh9yt8o0l               	true 	276.2MB   	7 hours ago
8x8n2rx0dm0qx54neh9t8d8zb               	true 	277.8MB   	3 hours ago
w89xkqca7lz6oge5zubgf3ets*              	true 	420.6MB   	41 minutes ago
x0zhc5ezeiqtv89k0ldxqx6s6*              	true 	0B        	41 minutes ago
mwi5gp1asq3d680xwidwcf9by               	true 	277.4MB   	4 hours ago
mruna4ospj7cumgs827r0mudp*              	true 	0B        	9 minutes ago
iuxuan9c23m1tdgomznmclkcu*              	true 	0B        	9 minutes ago
jborslilcmgrbcgvocvsb7dql*              	true 	420.6MB   	3 hours ago
2tk2icye3yawpmc6967u1llt5*              	true 	420.6MB   	6 hours ago
ye23ajv1drw95pbkruw41f0e3               	true 	279MB     	41 minutes ago
izfbfu2eewk0q3zfp44k96v7t*              	true 	620B      	9 minutes ago
arn862qu1x8g6tj1w1eb4iv6k*              	true 	420.6MB   	6 hours ago
1yqr6kvqe8a4u4gqdwu3v4pch               	true 	276.5MB   	7 hours ago
sz3xhy78z90aaom1roneuupz5*              	true 	420.6MB   	3 hours ago
0n4h1e4ze55f19d7qw24ijgwo               	true 	276.7MB   	6 hours ago
4lk4jc9ygqa0zk3r2xx0dz7n1               	true 	277.2MB   	5 hours ago
y5zda5jnawnu70yhqk43nve4w               	true 	278.6MB   	2 hours ago
eb5wvfzk3lqad8mn85gb8ror4               	true 	277.8MB   	3 hours ago
hwpcvwbgxijrglbifpb9rf0ws*              	true 	0B        	9 minutes ago
i8vznz7eak7cj9edkgp6mrlw8               	true 	276.7MB   	6 hours ago
2zf0rpwdnm5c90g929i3r1fxy               	true 	276.2MB   	7 hours ago
ilqbau36p0r9489gczjpdg5nq               	true 	278.3MB   	3 hours ago
8f8mhro9ca6h9ke7unv8kbhka               	true 	278.6MB   	2 hours ago
bdq7e0lxehfyziwswo9mvh3cc               	true 	276.6MB   	6 hours ago
jn02fpapc5p1vnkcqxnc0nz98*              	true 	420.6MB   	7 hours ago
fdomgi76wxm4inxj3h8e31rd9*              	true 	420.6MB   	7 hours ago
ukezvnm1y46b7075jor8ettpx*              	true 	420.6MB   	5 hours ago
tqnwx868ptxivzmx9zyhrp3ky               	true 	278.3MB   	3 hours ago
81q8ixpwutwx2a3jrv6phqlsw               	true 	279MB     	41 minutes ago
ualfl6p3g9x1c77z819new6oh               	true 	277.4MB   	4 hours ago
ikzmc03xyr1nsk9w8swa3lx9b               	true 	276.6MB   	6 hours ago
oh3c0fb4g8tusm13pv643pi3y               	true 	277.2MB   	5 hours ago
yfxaz29liyx9cxpp2zhewbj1n*              	true 	420.6MB   	5 hours ago
jhxcum686unedzlqgy0ncidi2*              	true 	420.6MB   	41 minutes ago
sgr5wi4xdg9jegqu1agsxelkz               	true 	276.7MB   	6 hours ago
b5ux1wmbpgzi9zpxofqi964eb               	true 	278.6MB   	2 hours ago
pddj4zt8nhcdsmkt9ukeetucv               	true 	277.1MB   	5 hours ago
xjjldgmqdu8jard5aef89c0sn               	true 	276.6MB   	7 hours ago
362zjejnx4z2bik0qkye0d2op*              	true 	620B      	10 minutes ago
ibz96bg4sa9ooae9qntw6jmj5               	true 	276.8MB   	6 hours ago
sbx45x84rw1urrk4toz1n1666*              	true 	420.6MB   	41 minutes ago
pzmzhkzqt2xe9t0yff9lkc01f*              	true 	420.6MB   	3 hours ago
bg5aeqwg1jbowgqhbfqe2nwup*              	true 	620B      	10 minutes ago
hdtj9fmi4uuhaoi8rremt074y*              	true 	279.3MB   	10 minutes ago
5x01zz31d3x249ui3xezr2er0               	true 	278.3MB   	3 hours ago
t9x9nky37pk4jtyeyob96elo2               	true 	277.1MB   	5 hours ago
thrij3sjdvtvcq0uad4n47dtm               	true 	277.2MB   	5 hours ago
yr9antcdh4w5hygxo2acfjhgu               	true 	277.8MB   	3 hours ago
sl8qa2t263ekocbmx7im8ci8r*              	true 	420.6MB   	3 hours ago
o64l81t15dch6wgvcxmnh8mgf*              	true 	420.6MB   	41 minutes ago
lkubev63czk29435hyfazyea7*              	true 	420.6MB   	41 minutes ago
vnsvyraoqcztpozoinbfboy5d               	true 	277.8MB   	3 hours ago
pciy2ihp4mriy8x69pr9l3md3               	true 	277.4MB   	4 hours ago
o5bai795n6wjy3qmswok26zby               	true 	279MB     	41 minutes ago
ty9jcaay7ccx173q3519no3gx               	true 	277.8MB   	3 hours ago
86a860u3nctcgpshnf8qjf7az               	true 	276.7MB   	6 hours ago
7kfaer4cr6uc91z2eorcqfgh1               	true 	276.3MB   	7 hours ago
qrso8ks6hk53nv6sgun8lvt36               	true 	279MB     	41 minutes ago
3ankpgrs9lgvg3is7splcc1jt               	true 	276.3MB   	7 hours ago
godxl7qw3q76tn3zzfxycd0yk               	true 	279MB     	41 minutes ago
6q7fp0selsoiry0t2w3tsymtf               	true 	277.4MB   	4 hours ago
r721rcge7kqq17f3y796fz1ac               	true 	276.6MB   	6 hours ago
o1ds1e8zhj40kkxc727zpl644               	true 	278.6MB   	2 hours ago
xkh2s2iz6kpj0my0wu1xsrhyb               	true 	276.8MB   	5 hours ago
mq78jr9i1movsa3xyg6nq1go4*              	true 	420.6MB   	6 hours ago
fii3xyjqjgo9w3re2w14dew71               	true 	278.3MB   	3 hours ago
zu7qtsrbxdvxh0f3gxhtjrw10*              	true 	620B      	41 minutes ago
ohn6ze1eak2korssre6i8k4ei*              	true 	279MB     	41 minutes ago
rbday841blu1eesjycksqfglk*              	true 	420.6MB   	2 hours ago
xjmyur8dfram5fd7dru4q2euw*              	true 	420.6MB   	2 hours ago
etu4lg2fupz5umz42vjce9fic*              	true 	279.3MB   	10 minutes ago
scfc9j1nmi14u3vfzcuzshtmy*              	true 	420.6MB   	5 hours ago
0pak0ojtnawm1epo4787njjpc               	true 	276.2MB   	7 hours ago
065azcksc4dy15kr9vxq373bh*              	true 	420.6MB   	7 hours ago
i56z66dq20q4vblhu1t8dv3d4*              	true 	420.6MB   	4 hours ago
uaa42nj2qrhosxkyn7s6k296c*              	true 	420.6MB   	3 hours ago
2yvdxqi8buym63aukpjagie4t*              	true 	420.6MB   	41 minutes ago
v7oo6a5wqssus409889b8e98t*              	true 	620B      	41 minutes ago
z2z31md9hnzxtkhogqgn9h80h*              	true 	0B        	41 minutes ago
l1n5w100cyrad75cusabalsgo               	true 	276.7MB   	6 hours ago
hs56zojsbs1o7hp9stgf8i5pk               	true 	277.4MB   	4 hours ago
a46meb3pasj8r4zslna6o5rkk*              	true 	620B      	10 minutes ago
xn91wljcc3pgte8jtsitnge3j*              	true 	420.6MB   	2 hours ago
ralr0xxeg39ge4usvos2cccn9*              	true 	420.6MB   	41 minutes ago
dr146va95itwpf218pidazgkg               	true 	0B        	5 hours ago
ssu7d7ak4xynvrx7vrqkuz9b7               	true 	277.4MB   	4 hours ago
acbhndoybmqpwmqm70pekuw0x               	true 	279MB     	41 minutes ago
46pupysriu01iy2y366myc2sd               	true 	277.4MB   	4 hours ago
k54iedyh66swlfhot3mdrhuzh*              	true 	420.6MB   	10 minutes ago
ml07nxa6e78fcs8zzb3096l63*              	true 	420.6MB   	5 hours ago
ja6tc58laijllutt2fglb5pou*              	true 	0B        	10 minutes ago
jmhx41rpjtc1adst0gep50b0w               	true 	276.5MB   	7 hours ago
r8h57pkd6znwrro4xoookz2wp*              	true 	420.6MB   	7 hours ago
5qwond3marpg94wtfob77pxlm               	true 	279MB     	41 minutes ago
zl6tnq3kw12peqjry6etvgaev               	true 	276.6MB   	6 hours ago
kpjaaj0a7os2e4v5eyc6bdxfd               	true 	277.8MB   	3 hours ago
yz1f95m1i4sxm1oo3xsud285w               	true 	276.3MB   	7 hours ago
swn02bg4c9g59btcs9vyx41cx               	true 	278.6MB   	2 hours ago
42pgxiz4fn7sdntt4rcinloc5               	true 	276.6MB   	6 hours ago
b1ohua0wq51tluvrq4vxz4i3t*              	true 	420.6MB   	5 hours ago
i54uolewuyjvr98sduxxsdgwk*              	true 	420.6MB   	3 hours ago
yp88cwhakzz8f4w8b1pfp8hfx*              	true 	420.6MB   	5 hours ago
z0qsqyzwc0kt8c2hvy2g83xr5               	true 	277.8MB   	3 hours ago
1s48jbum32zcvnmvokoysyz31               	true 	276.7MB   	6 hours ago
x8h1p5srosm9y9dhwq37f4b0f               	true 	279MB     	41 minutes ago
ti3z9igj4wisuq2iogqpqitkq               	true 	277.2MB   	5 hours ago
e84731woty8xe8egn9o0qou57               	true 	278.7MB   	2 hours ago
p8z3rcttue1p15rasu6m6czoo               	true 	279MB     	41 minutes ago
y1k2g6o0f8d3m20k9sg9vpjmi               	true 	277.8MB   	3 hours ago
98wig9s6x6zoqwiushwyvj61j               	true 	276.3MB   	7 hours ago
o1uz51rb6m8t60hazvpmvtwpg*              	true 	420.6MB   	6 hours ago
jdv5xj0vy2t9fkuhrwuj2jpja*              	true 	420.6MB   	6 hours ago
me4sx1148mvk9hdki2xibr4oh               	true 	276.7MB   	6 hours ago
vobd7e597rjcv1g5gfi4xwy8a               	true 	276.6MB   	6 hours ago
fg858921n3jzjn9xo1kop895j               	true 	278.6MB   	2 hours ago
9wjxfq8gwzbikxwhppq06qahq*              	true 	420.6MB   	5 hours ago
oqvqlzsp3dd5913onmdj2cdp2               	true 	276.2MB   	7 hours ago
2jd4d8fmbx79eztb7tek4qzfb               	true 	277.8MB   	3 hours ago
ijxzf9dfgv73e7an5ldzc3odu*              	true 	420.6MB   	10 minutes ago
cqezn6iuljb7b3iqglfn8dtv7*              	true 	420.6MB   	5 hours ago
s9n1iqtj060uyygczrq6ev81u*              	true 	420.6MB   	41 minutes ago
19b6kpqwjo5sshxm6h6ddzqvc               	true 	0B        	5 hours ago
pbpc9v39af0078xpix5odtd7c               	true 	277.1MB   	5 hours ago
n5x91b1eray8xvdtihelkjgll*              	true 	420.6MB   	2 hours ago
qzz1vcp92rcoxh5xxt8ylvp1n               	true 	279MB     	41 minutes ago
00f4wvn1f8atjliu8xae70ab1               	true 	277.2MB   	5 hours ago
ugoj7vz0lok9xzaqldag74xe9               	true 	278.7MB   	2 hours ago
nfqdfzva7ffhzzxmhgmmloba9*              	true 	420.6MB   	3 hours ago
utkdnn626twhqio24az65aie6               	true 	276.6MB   	6 hours ago
t7ktqpwr8iku9s91s60yg5bbp*              	true 	420.6MB   	6 hours ago
jvvf8q8hdtz7i595fms03xxk9               	true 	277.8MB   	3 hours ago
xvjz5ae84qckrrob126mr5xbo*              	true 	420.6MB   	3 hours ago
kqim6txhehcu7hw9vawobi4rc*              	true 	620B      	41 minutes ago
9wlirlu6xkprrtw23610hal3u*              	true 	0B        	10 minutes ago
o3uj459c57c8y9k4exyrmb35q               	true 	276.6MB   	6 hours ago
vlh3ivypkomzd67cmyirq6855               	true 	277.4MB   	4 hours ago
zi4e4n6i6dd757bpkrvlq6iv3               	true 	276.1MB   	8 hours ago
qlop93dezlfjv0ba9225wn5c6               	true 	276.3MB   	7 hours ago
bxie18nai8x1258urebbiyrqp               	true 	279.3MB   	10 minutes ago
t5jxq0p6yi0ykdohkzwnc2gq6               	true 	279.3MB   	10 minutes ago
3uyvlz1pgh2zu2kbxkgkaq3v0               	true 	276.2MB   	7 hours ago
s97qpc00z7okcookxd3aek372               	true 	277.1MB   	5 hours ago
84gqeaxykfugcu4oqabkwv55e               	true 	276.7MB   	6 hours ago
rilxt3a63voax85snvpapc3i2               	true 	277.8MB   	3 hours ago
7svvd4aq5e9bi9q61quoa9jl7               	true 	277.1MB   	5 hours ago
y4imzkczi1njgf3eig0yg7nbp               	true 	276.2MB   	7 hours ago
i7a3dovouzfw4v4e2k48rvyz7*              	true 	0B        	10 minutes ago
nc2tdeerf4nrnpybp0nk58tsq*              	true 	279MB     	41 minutes ago
fy69zqih34mnfncl3j313icyk               	true 	276.2MB   	7 hours ago
y4vupcx7d68vu2955wroroiug               	true 	278.6MB   	2 hours ago
8kgeoa9ahjjvv7i7n32d8kuab*              	true 	420.6MB   	2 hours ago
of47d6aq2xn0z0qag7vdjzsyg               	true 	276.6MB   	6 hours ago
iaqathg9lgivmpcld54ws9f03               	true 	276.7MB   	6 hours ago
s5bm8ohbqhaj4lm7nuupryqz0               	true 	278.3MB   	3 hours ago
ixmrlgf6wy2dquuutlav7izvj               	true 	277.8MB   	3 hours ago
shhkmcgnotbdk1ermlixom7jr               	true 	277.4MB   	4 hours ago
4qquyzkc7a7mjhkbz42lhp01p*              	true 	620B      	10 minutes ago
s1qc764se9n2dp804vg6pimk5*              	true 	420.6MB   	6 hours ago
4mx4h9ko5eq5ncg2i9wul6vcg               	true 	276.6MB   	7 hours ago
s77j7u6sp8kbcczydiql943mp*              	true 	279MB     	41 minutes ago
rcukiryjajh8rvymw50cpa6ru               	true 	276.2MB   	7 hours ago
mvacyokn6sc3jvgvanh6rzkji*              	true 	420.6MB   	7 hours ago
iioep1f3sbpezba2fp7zav37z               	true 	277.1MB   	5 hours ago
onqia3ry8a6gg3tn864925pnp               	true 	276.6MB   	7 hours ago
n9zplkx07e1i9zdnffnq0nerk*              	true 	420.6MB   	3 hours ago
7fk8vy090ljs28z1fylsjvqxe*              	true 	420.6MB   	2 hours ago
te345ryycowatyytyar87uzs6               	true 	279.3MB   	10 minutes ago
u19yobxt33cqjov7fmawmrk4q*              	true 	420.6MB   	6 hours ago
j0vc8o7gfrl0gbeo6sstkw7pi*              	true 	420.6MB   	42 minutes ago
um1g4dufg0e5zrooh655dp27b*              	true 	420.6MB   	7 hours ago
e5mbojkjwoxlwdkdm5ycq0nlr*              	true 	279.3MB   	10 minutes ago
lkyhymx5lzyb0owjpvjgii5jw*              	true 	279.3MB   	10 minutes ago
jdjs3cuizofhssrtaoyr8d2zn               	true 	276.5MB   	7 hours ago
8onnzs44c2rdprray9ac94a1s               	true 	278.3MB   	3 hours ago
njk62fkasfzv6daghr7z09trc               	true 	278.5MB   	2 hours ago
5nmumvqyk82acb98xsldisfdq*              	true 	420.6MB   	5 hours ago
lxl22uinq1a0suj68r9a6kq2i               	true 	279.3MB   	10 minutes ago
uxox3kwtjsdc54gs00iyarq1l*              	true 	0B        	41 minutes ago
1uiv9265uqq4duuil44mqgrm7*              	true 	620B      	32 minutes ago
k2kfiktkxhs0g3d7xag8i4an0*              	true 	279.3MB   	10 minutes ago
t0ebz56poum451r0t60mbv1mm               	true 	276.6MB   	7 hours ago
nm31bozbv60hz28cxgcraekir*              	true 	420.6MB   	2 hours ago
25sl319zvpn15zwzorfmuvvu1*              	true 	420.6MB   	3 hours ago
d7qvq1gr2yzwvljusua0506n5               	true 	279.3MB   	10 minutes ago
m72ninuck4ucsr8ag9qw9dbkb               	true 	278.7MB   	2 hours ago
ejwhob8021xsm9zd97a9yofnh               	true 	276.8MB   	6 hours ago
et74op81yon4yxt3780gy1hoq               	true 	276.8MB   	5 hours ago
maaekeosp7if44m379gabr2me               	true 	276.6MB   	7 hours ago
lsdyrkfi2zw5bceqhvfcbj8k5               	true 	276.7MB   	6 hours ago
5m763el1g3hqq4e55v955t5tk*              	true 	420.6MB   	4 hours ago
xo2ist0roa1dm995231sp6339               	true 	277.8MB   	3 hours ago
xxaosf8qadbm6ev6md5kqoxw0               	true 	277.8MB   	3 hours ago
zcnnawdicso9t7pb1b2rxpt4y               	true 	278.6MB   	2 hours ago
nlb2q2ta3vf6gpu37g3e6uuu8*              	true 	420.6MB   	7 hours ago
4pibkunxw73jl0nwzcylk4flx               	true 	279MB     	41 minutes ago
yjqbc435dwvxhd4bnt9jjqspf               	true 	278.5MB   	2 hours ago
tlskbxyjxmj7nz36yxex9x38l               	true 	277.8MB   	3 hours ago
lid5mf0grwjatk98aa60z0y8i               	true 	278.6MB   	2 hours ago
7f3xeqr59136b5qcghs7zcsm5               	true 	276.6MB   	7 hours ago
pn5rqc5r8ov6tdsffwi8ftfbu               	true 	277.1MB   	5 hours ago
vs6odno6y67yw4gtkr51vhdil               	true 	278.3MB   	3 hours ago
sg5yxo3lpp6fqxmi30r05wul6               	true 	278.6MB   	2 hours ago
42jz6g4n0gez9m2pyyqmod9ev               	true 	278.3MB   	3 hours ago
shd23jkzlqbger544j1akba3j               	true 	279MB     	41 minutes ago
rujwxqga2grrw5v4kdn4o0oam               	true 	278.7MB   	2 hours ago
9q5s25s348naysy5fepbg4qhd*              	true 	620B      	10 minutes ago
sxcufhwwuttegpeijmjs29gix               	true 	277.1MB   	5 hours ago
um9y5llec6tjb1nj1ti83mtkn               	true 	277.8MB   	3 hours ago
ijpwyy42b1yudszmpuko27o04               	true 	276.7MB   	6 hours ago
1rhlwmukmij28q6ebf0dodwpo               	true 	277.2MB   	5 hours ago
3wsxerpzowv48195ftsu5w68d               	true 	277.2MB   	5 hours ago
h09eyx1u4ezh8o8xr6vut2a9x               	true 	279MB     	41 minutes ago
pwkk42nkyp9989yaaxe2pro1p               	true 	278.7MB   	2 hours ago
9ueem5tkcvhawootc4r47zkba               	true 	277.8MB   	3 hours ago
sdnntsto1i5ayedh6dsne06kb*              	true 	420.6MB   	7 hours ago
vvpsqk1kk5xl0gpa40rxwvivs               	true 	276.6MB   	6 hours ago
lxzizui3rvmzheyeu54pw2lyg*              	true 	279.3MB   	10 minutes ago
hxog0wj3xk57b3mbcehxap2aj*              	true 	420.6MB   	5 hours ago
rm20oxjep4yk98ejlkzxt5y1a*              	true 	420.6MB   	3 hours ago
aww3g8yet6mvdn2mvgqk0xaal*              	true 	420.6MB   	3 hours ago
udb8sdk6m80u1u0362j9jll3i*              	true 	420.6MB   	3 hours ago
p73tvicb9u9682agk38m63w1m               	true 	279MB     	41 minutes ago
ow8wf6ruh2i29e2phjfctv1lx               	true 	277.4MB   	4 hours ago
b0wetqi7ykg4kag2pe276oggv               	true 	279MB     	41 minutes ago
mnz0mmrbkj2m1idzz09s5drgo               	true 	277.4MB   	4 hours ago
aek1ujciwzz2051wul1uephob               	true 	278.3MB   	3 hours ago
p4huinojj6pkzd0yc2hmkesb5               	true 	276.7MB   	6 hours ago
l8uvvzajc1suug6lc45973dm4               	true 	277.1MB   	5 hours ago
y8wlmboyoyd0b68svsim8xwwk               	true 	278.7MB   	2 hours ago
ablseisbvaq29bb7wu65p4o2j*              	true 	620B      	10 minutes ago
a8l5rzd7rmio9zev4pad6vcb4               	true 	276.3MB   	7 hours ago
slwl2esz435khym7b16wqvijp*              	true 	420.6MB   	7 hours ago
j3qs3amr5fyr4w0gu5grl24zc               	true 	276.8MB   	5 hours ago
v9rlayiy2xyws2njnplou26n1*              	true 	420.6MB   	41 minutes ago
s6uzzawvlc654l7s2tq7aaj8a               	true 	278.5MB   	2 hours ago
byrmfh3yzx2ytxkqjacwvikup               	true 	277.2MB   	5 hours ago
cyitg763co43e68mtq8f3xgs4               	true 	276.5MB   	7 hours ago
tuicoc9grsxpbm1hshsvshnc9               	true 	277.2MB   	5 hours ago
kvrjknuqa5i1r9rroc97d5xlf*              	true 	0B        	10 minutes ago
wvm46ny1ia750h4d94tps942n*              	true 	420.6MB   	6 hours ago
imcyavccldc6toeyz7d9of0qq*              	true 	420.6MB   	41 minutes ago
zooqnmkugro7q67j47a6jsy2c*              	true 	420.6MB   	6 hours ago
ligh16w3attz52a39a7ty34tz*              	true 	420.6MB   	7 hours ago
yv7xkssgum8qyis30vlrjkuri*              	true 	420.6MB   	3 hours ago
kgildaq5yjs67xka9gbtkmbzp               	true 	276.3MB   	7 hours ago
m0wcer2gk63iurg2s9dyd6h08               	true 	277.8MB   	3 hours ago
0666bormfh1zhux8vibxpkhp6*              	true 	0B        	32 minutes ago
19775w6t9dm4nplmjxcmlgufm               	true 	276.6MB   	7 hours ago
c9mjqfytc2fpmssshbof8vqo4*              	true 	420.6MB   	3 hours ago
f552i4exfsn1jqgsy492xp8py*              	true 	0B        	10 minutes ago
pbv4ch7gtwri86g3lsr0mod2m*              	true 	279MB     	41 minutes ago
n7lr57avl3clrtsjc3wl05nwo               	true 	77.14MB   	5 hours ago
vqr6o853hm0j8geo3d2ady6qy               	true 	276.8MB   	5 hours ago
zd6j605wfpnjz288z8kteobgr*              	true 	420.6MB   	10 minutes ago
y54daxs7kyr0j5vc1ybxv4rqq*              	true 	420.6MB   	32 minutes ago
y8ym4wf4s449twdoebf6ts792*              	true 	420.6MB   	4 hours ago
ukn6ckil99butwcd9pjicfgvc               	true 	277.1MB   	5 hours ago
58tvp1vu5q03wdpn98qi2iyeh               	true 	277.8MB   	3 hours ago
111l2j3ozw6fymdw7tx63rhsn               	true 	277.8MB   	3 hours ago
tgo3spy9l5fwnm2jod4nrwf4z               	true 	276.3MB   	7 hours ago
tzpuzrcyq2zgly3e72bex3rcn*              	true 	279MB     	41 minutes ago
gsg0chdq1uhfaqa4c4l9yoreo*              	true 	0B        	10 minutes ago
0id1ivqa4fqqu8t80rmq72g4n*              	true 	420.6MB   	2 hours ago
nhoveikrxhc27tlf5vebt5hvy*              	true 	0B        	41 minutes ago
x5y7snrnw274q9ti3tjcevgx9               	true 	276.3MB   	7 hours ago
rf7k5b3sfoz8jpgfultidwg9m               	true 	279.3MB   	32 minutes ago
q8yp2yrr4mxvgglxintqjq87k               	true 	142MB     	5 hours ago
psgomacn6vp9clfjkgk8cx1qw               	true 	276.7MB   	6 hours ago
kp4fw0hwemtgw2j8cjqzg4o97*              	true 	420.6MB   	5 hours ago
dstzb25iu9fq8w57qum6tz4xz*              	true 	420.6MB   	4 hours ago
vf66jivysojizkwvgcxlx1rwu*              	true 	420.6MB   	6 hours ago
u42m6aju6sh1j9cafthlwvm1b               	true 	277.8MB   	3 hours ago
vn9nxc5bqn7gzstvlyvu68jvu*              	true 	279MB     	41 minutes ago
1xzcrtx1mec0fdxgra22cxy33               	true 	279.3MB   	10 minutes ago
n6a8sbkuj41an1amyj4qy5n50*              	true 	420.6MB   	7 hours ago
z9bd9dr49952ad7m96ux69pjl               	true 	277.5MB   	4 hours ago
qzoif0dg82snu8ika4lv1gkwc               	true 	278.6MB   	2 hours ago
1cuhkbojya9yjkg6qq5kt0ji4               	true 	276.8MB   	6 hours ago
vzw93roqoc7gq388xguxs8s8p*              	true 	420.6MB   	4 hours ago
exze9lz6pqpc01n82052kfigf*              	true 	420.6MB   	6 hours ago
rp5hoxksi3tm3o4hgedzljfs1*              	true 	420.6MB   	3 hours ago
a72btnw69rzymcnqrimntvjh5*              	true 	620B      	10 minutes ago
ww1i3pmvoda3uv4fnsthl4jra               	true 	276.5MB   	7 hours ago
i7swolb9j873fuk1j9n9q3oc6               	true 	277.4MB   	4 hours ago
s9nlgi80ylmpvh2q4ru18f4ie               	true 	277.4MB   	4 hours ago
vjd0m2i61hax98u0imgkx8uwr               	true 	276.8MB   	6 hours ago
lnyb90njus9qrfjyorq4jutz7               	true 	277.4MB   	4 hours ago
d9b2cxizid2wx7vkxf5vbe9au*              	true 	420.6MB   	10 minutes ago
lk47hsy14yflx2ilykrxklbmj               	true 	277.1MB   	5 hours ago
sqg9onk1vcut4j3sffpfbeuel*              	true 	0B        	41 minutes ago
mrv0bi1cfp2p20g70l148fkkx               	true 	277.4MB   	4 hours ago
iwkandoeqascwrfj0yw7ltjqx               	true 	279MB     	41 minutes ago
2a5oyrkgj0dsogeri68fkc4i9*              	true 	279.3MB   	10 minutes ago
34bzfghzzwqvpuyaa98ck63ah*              	true 	420.6MB   	6 hours ago
lbeb8hs7e59yiozy6bdyt5c04               	true 	276.6MB   	7 hours ago
xq4xqczfmurb8ma63ltmhxdoa               	true 	276.6MB   	7 hours ago
i4goh3etm20ez8ix1ts96plnr               	true 	276.6MB   	6 hours ago
tozhcvxx6fjzh3mdambeir8xk               	true 	279MB     	41 minutes ago
l4qr7n39yic410uqpiyv4fj07               	true 	279MB     	41 minutes ago
th3ngd28kpjqchclwsygmbfhe               	true 	278.6MB   	2 hours ago
cyf57yyqebqk3s2tdjn9lk66e               	true 	279MB     	41 minutes ago
zrt91agfsrkj1fjtuy69le1bb*              	true 	420.6MB   	5 hours ago
fh6ukangzg81rronazfgg6bxf*              	true 	420.6MB   	6 hours ago
p7ojdglht8w4h419nn6ufn0v5               	true 	277.8MB   	3 hours ago
8w9q1kh8hetoq7sytjmqxmud2               	true 	277.8MB   	3 hours ago
mmuxrq0wt2gngacpzcqe9t3co*              	true 	420.6MB   	7 hours ago
8560oy5u3myph4lkq64pqk6yh*              	true 	420.6MB   	4 hours ago
imaszhmoc2b93f7y8976kfe71*              	true 	420.6MB   	4 hours ago
3ga4rqjh9rnhe62leg8t1d9fc*              	true 	420.6MB   	2 hours ago
r06svwk6h9av5keirddnacaxg*              	true 	279MB     	41 minutes ago
y9tk67mdwb4k1qqi9fu9nml4j*              	true 	420.6MB   	6 hours ago
mxmaqo2vc9ue6s52n586pzaks*              	true 	420.6MB   	2 hours ago
r3zq0zh9tyjx075d8gmo0f8e2               	true 	277.8MB   	3 hours ago
21tmmon13nwfnhxsxjg0b4d8f*              	true 	420.6MB   	3 hours ago
bo15cj0twcpbkmo2z3tzv6mwq               	true 	278.6MB   	2 hours ago
y4742ilnqlozh7cnyoj02shux               	true 	276.6MB   	7 hours ago
ou9omet1rutt3twu2w4sk80rw               	true 	278.3MB   	3 hours ago
oxr6l2bfwocxhdmtraa95v1jc               	true 	277.1MB   	5 hours ago
n83q7fks99k1ak83rxqfcar7u*              	true 	420.6MB   	2 hours ago
nrc6hm013bt0ojnypgbb0gui2               	true 	276.5MB   	7 hours ago
lz4cfga3ipzqc28c7ry6w933w               	true 	277.4MB   	4 hours ago
vw9lixouxrcmlcux8zx2izo7v               	true 	276.7MB   	6 hours ago
g481nc9zcho6ml40m9wydhmt5               	true 	278.6MB   	2 hours ago
mlazijbjxk9d8rvwfrhsghjyl*              	true 	420.6MB   	41 minutes ago
m1wxaq16mc6jwoaw3s58n1r8u               	true 	276.7MB   	6 hours ago
rl94sur3dgjwmtxxa1corhmo9               	true 	276.3MB   	7 hours ago
cq28zoz9l8ml2okpiy4c976p2               	true 	279MB     	About an hour ago
bwz310xrkm28wa6yd1w4pjl95*              	true 	279.3MB   	10 minutes ago
t75fdcz6jupjt1o4a3n4c5qnb*              	true 	420.6MB   	10 minutes ago
xejw6l7hppwd0ow9s1sonyhl7               	true 	276.3MB   	7 hours ago
pdwvmo2p94lzvapvcmy883w4y               	true 	276.2MB   	7 hours ago
pefka1w7jj7wzqvksbvelbbz0*              	true 	420.6MB   	3 hours ago
6n9hfksgukpr61l91tyovv1a0               	true 	277.8MB   	3 hours ago
177umcjqv692ivdepgpc2jovh               	true 	278.6MB   	2 hours ago
u5whluzoztui9ut1t0gzfmy0a               	true 	279.3MB   	10 minutes ago
wnwfd5lypxawrau3lye47ine1               	true 	276.7MB   	6 hours ago
n6m4se20jxhqufxwam182zg1w               	true 	278.6MB   	2 hours ago
lae6pk3voo8ltpif4xj9im80f               	true 	276.7MB   	6 hours ago
o0abz53lgoeyil4esjx8pm8uh               	true 	277.8MB   	3 hours ago
132g55740knmejbn84lfw2yn7               	true 	278.3MB   	3 hours ago
ydqomiuw4nxmqwh415shki7ys               	true 	276.6MB   	6 hours ago
fuu4gvaq8l29i4yhq0cathy3b*              	true 	420.6MB   	5 hours ago
wfc4k4z5ikvkj69sj163fyigi*              	true 	620B      	41 minutes ago
u7f3asslffwstli6u1qmh8piz               	true 	276.3MB   	7 hours ago
r3ikasozqfqdoo2bgd3tdxpuj*              	true 	420.6MB   	5 hours ago
mlhd6owhgxks4wfbizt7ty5c6*              	true 	420.6MB   	2 hours ago
n47cfhek0n7ct9csj2x7toab5*              	true 	420.6MB   	10 minutes ago
umdmr7y5ghjvm7cqly0tu0609               	true 	276.3MB   	7 hours ago
mxqz5i3xtbv6yvck5qrnipm65*              	true 	420.6MB   	3 hours ago
popp5lkswr26trz9tkwoiasmu               	true 	279MB     	41 minutes ago
mdxkzsakfu4rzdqw2nd69qjvs               	true 	277.2MB   	5 hours ago
skkr09bhlvdixhchmyqiifq5w               	true 	276.8MB   	6 hours ago
5gw2996eyc7sute94nj6d5my1               	true 	276.3MB   	7 hours ago
vxuvja0looy0qq54tgqawpylk*              	true 	420.6MB   	5 hours ago
kre5ru2hqx1ursz2uwbye88eu               	true 	277.8MB   	3 hours ago
y2k5g2zf9iooeix2jkyk7now4               	true 	278.6MB   	2 hours ago
qjevt0i0hpft3ky3fvfoxrvsh               	true 	277.1MB   	5 hours ago
w2245eu8wpe5zqazjmvuluv48               	true 	277.2MB   	5 hours ago
rpedjecpvrrgzhzn0o6z205sm*              	true 	420.6MB   	4 hours ago
sj0vhkki3b5pliol1zsdlowtd               	true 	276.8MB   	6 hours ago
itn35tx4u0bqphun6tmiwozp5*              	true 	420.6MB   	2 hours ago
lfg64jjx7vbl41sydiicm37ea*              	true 	420.6MB   	10 minutes ago
xx2ofk5zgt6yss9ltsgovoo9z               	true 	276.8MB   	6 hours ago
w93jv6ghy75z217jdzknc72if*              	true 	420.6MB   	2 hours ago
u61ugk368c04wczk9c1fpmanr               	true 	278.6MB   	2 hours ago
n96u0q3xfy1ztonxzpj3312qy               	true 	277.2MB   	5 hours ago
qmenz5ft1f5vhdlibojq6ohgb               	true 	277.4MB   	4 hours ago
qoo235mgrx1tekczl48g1dpv8*              	true 	420.6MB   	3 hours ago
wf77qvbbs24ld8g48y1ziiaqu*              	true 	420.6MB   	2 hours ago
rdie84itjl6ukb0tm2cnqkfdr               	true 	276.2MB   	7 hours ago
98uo2jkwdxrosokhvn5402xm3               	true 	276.5MB   	7 hours ago
9wn9pl4vguqsj67aylpzl83b8*              	true 	420.6MB   	4 hours ago
xng1v798sya2j0wh512ugm9sw*              	true 	420.6MB   	3 hours ago
yen1wvbaxoncdshfjkoq6oyt6               	true 	279.3MB   	10 minutes ago
r2h7iwg6c2zrffpwyw5pail9i               	true 	278.6MB   	2 hours ago
5cnq46e8lcra9ibvcsetkrr80*              	true 	279.3MB   	10 minutes ago
wl2oviw07k02bbl95k1jlz7yw*              	true 	420.6MB   	3 hours ago
yx660fptakcc30rwb9sdsts5r               	true 	276.8MB   	6 hours ago
qbh7d1khamqw5ucigzbexls2h               	true 	278.7MB   	2 hours ago
3no3tb6zkjo0ts1t6tv6sfy7v               	true 	277.4MB   	4 hours ago
5lk589lxcjlwc6padwbexb9x6               	true 	0B        	5 hours ago
7skbxp86ow37ty7ha9oomcibm               	true 	279.3MB   	10 minutes ago
wd6wip7t42wwtuklxzq1bl0fy               	true 	278.7MB   	2 hours ago
s6tzfvmkvtmk9tys6t8e1jw85               	true 	277.1MB   	5 hours ago
w929xyixglysdhtbdm5mldjzh               	true 	277.8MB   	3 hours ago
nmkqi0mjysxbemm7wh915mrk4               	true 	279.3MB   	10 minutes ago
7bpkn2yc5yxic5ebv0qxwn16b*              	true 	420.6MB   	7 hours ago
y0r3s1cjtc6563jw5gluqido7*              	true 	420.6MB   	3 hours ago
xg06r1524639t0pgin0zounsk               	true 	278.6MB   	2 hours ago
wf4owep8gu2wlxp8h9ketyzam               	true 	278.9MB   	About an hour ago
fr441wpl0mkt1v0uepe692ljl               	true 	278.7MB   	2 hours ago
376csac29t7xg4rgkimcnfwn6               	true 	276.7MB   	6 hours ago
l2y59s44d0g3fptgpaglsof51*              	true 	420.6MB   	42 minutes ago
x6e2vv8r7wh53oge53747z815               	true 	279MB     	42 minutes ago
obrolbc0jbokz2ylwea6xow58               	true 	279MB     	42 minutes ago
4023c5y8x68m4o2ln5fy14u6c*              	true 	420.6MB   	2 hours ago
v8d834uznf3uowfnas7ngyjtz*              	true 	279MB     	42 minutes ago
egphvxcy7kyom6187qf5p0kzs               	true 	279MB     	42 minutes ago
ah6107eg2ibv5vwevmf1effid               	true 	279.3MB   	10 minutes ago
xnekdedgpryuzdx9vvpe6hfg4*              	true 	620B      	42 minutes ago
vqbfbqq7m17csipuirxrtab4m               	true 	277.8MB   	3 hours ago
jsf905lp03pa8shi3bkqk3pnr*              	true 	420.6MB   	2 hours ago
nl76oe3kcloah4aiu46ow2s7y*              	true 	420.6MB   	6 hours ago
rio4fbhxafg8ekm4pelh48yp5*              	true 	420.6MB   	5 hours ago
km9fb8xxzn54whevia5j2fv6o               	true 	278.6MB   	2 hours ago
e7yjzospg7l8o5urw7x21vl1r               	true 	279MB     	42 minutes ago
5z434bubkkrqrnjq2uwgjmhta*              	true 	0B        	10 minutes ago
zzix5p57pw0s4v49y6vv6i47e*              	true 	279MB     	42 minutes ago
mg15t3gsk4y7x6xgghhk95f1u               	true 	276.3MB   	7 hours ago
tenfrugdwrxbnvi1oedcqlf7q               	true 	279MB     	42 minutes ago
pcxl1s53gzp0lbus812ae9u5a*              	true 	279MB     	42 minutes ago
n2vmi7rshajr26a05hu8bnewc               	true 	276.3MB   	7 hours ago
htvwq0re91cjp04x5xxp05y7o               	true 	277.8MB   	3 hours ago
m81y64n89b3kxngkd9wjmil0v               	true 	278.7MB   	2 hours ago
khw09x6c08hkjasc7wdsz56lw               	true 	276.7MB   	6 hours ago
nkxc50u2wnogr6h4w0ius45w0*              	true 	420.6MB   	11 minutes ago
wbv360z3yd5dsego4q5oum5ol               	true 	278.3MB   	3 hours ago
abzvunqocm5j7wjdbficz7s1d               	true 	277.4MB   	4 hours ago
pe2fou45kq18atj4w2oaz7uj8               	true 	276.2MB   	7 hours ago
gpt0gh04aa3tadj1ph805su17               	true 	276.7MB   	6 hours ago
tf7aotx9y6mghe0i9lp1vf6n9               	true 	276.6MB   	6 hours ago
vnrhybkkeez7eka3ihhgwnldq*              	true 	420.6MB   	2 hours ago
6pcgx9ty4ya90xmge9hlkt938*              	true 	420.6MB   	10 minutes ago
sun3exfvv3tfwt6r0hk7ir3vt*              	true 	420.6MB   	7 hours ago
bnwf7ec90qfbccbzj51n5nvr5               	true 	279.3MB   	11 minutes ago
dvgeuooriyq9wyfwf7x4bryzp               	true 	276.6MB   	6 hours ago
iksuauvy5y67wwtamdbtaayaf               	true 	276.7MB   	6 hours ago
a4bzs7f2qrchf95zhxw3v124a               	true 	276.7MB   	6 hours ago
epc9sej2w3lpnhg1viqp2oalh               	true 	279MB     	42 minutes ago
33xaou248mohyveqgemsv3q3k               	true 	276.6MB   	7 hours ago
wxfn3cr0ziy344ddbjytohzen               	true 	278.7MB   	2 hours ago
cv4w7ygfplrfhhva3ps8ruz12*              	true 	620B      	11 minutes ago
4tdc0w341zeys92syztupdu4c               	true 	279.3MB   	11 minutes ago
s2e75k0lxnj8bbqkeffzjq1f1*              	true 	420.6MB   	11 minutes ago
rvazkh5fv1vn5zm1rzbxakrm4               	true 	278.3MB   	3 hours ago
gkx86avd7hm5o6s57shryib8a               	true 	277.8MB   	3 hours ago
ve2v6zfffkxswo6xjkszukyf4               	true 	278.6MB   	2 hours ago
cvkxjhp57ez4gi1cbithjefdm*              	true 	0B        	10 minutes ago
icp114rdzjvbqbbi119e0chui               	true 	276.6MB   	7 hours ago
xhygbb3lfo5fv23jot7659xyd               	true 	278.6MB   	2 hours ago
cn6ot5dqo77bjbthriwq3wej2               	true 	277.8MB   	3 hours ago
zds7cbrpuxlz9700dflfgshg1               	true 	277.1MB   	5 hours ago
ek8yc2icgfuvohzs29ky924bz               	true 	276.6MB   	6 hours ago
36uqa6ht072ktxxlunurug5e3*              	true 	420.6MB   	6 hours ago
xkswxu3n9vwm6dwmdeswq1rzh*              	true 	420.6MB   	5 hours ago
io4269e0qy6qgd6mn6kj23ye4               	true 	278.6MB   	2 hours ago
6405pygqzh9kxfa1ro7x4qpoh               	true 	279MB     	42 minutes ago
v8q4jscwwt17l8vk1mrylvnp6               	true 	278.3MB   	3 hours ago
mus6k0kgw7ajndd3bf22ytawb               	true 	276.3MB   	7 hours ago
xd2193ln092h4m4wpv8uqewej               	true 	277.8MB   	3 hours ago
nfl93kgi7n2wh6org5yzq8kdw               	true 	279MB     	42 minutes ago
qt5zuaoo0hv7bfzpaowlb71ds               	true 	279MB     	43 minutes ago
7kw8wa74av0a62yf4bn889hw7               	true 	276.7MB   	6 hours ago
vhx4yre8dkt2xl3i1hez707v4               	true 	277.8MB   	3 hours ago
vtpoxkt4eedgefvmxb1tp8niv               	true 	277.4MB   	4 hours ago
ivu0uj75kp2y1wzzu1q9a11fe               	true 	278.6MB   	2 hours ago
zb7blf32nv8ks28wamfnu2ced               	true 	277.1MB   	5 hours ago
daf1tun9z6pbpm1yqooxzteem               	true 	276.7MB   	6 hours ago
8mqhb6ay23wtfusxtmydt9d36               	true 	276.7MB   	6 hours ago
2k0du1jrlwmff47rhoysgpose*              	true 	420.6MB   	5 hours ago
qkygpc5bxp2hs9zx6khe1vp3y               	true 	278.6MB   	2 hours ago
x587sgxcudf8gc9k9w2088m6z*              	true 	420.6MB   	3 hours ago
otwqgnxdzhv3gr6cg7rd7624m*              	true 	620B      	42 minutes ago
xf1v8a8ek273eju3gujymkqv2*              	true 	420.6MB   	3 hours ago
ze4zm7o6sragba5w90d34yh22               	true 	277.1MB   	5 hours ago
jw3t6u9tmzyswnsdala5l037j               	true 	279.3MB   	11 minutes ago
u4e5p56vtjalvz6acs6mcj82o               	true 	277.1MB   	5 hours ago
ciu62csy6zorrhu6p2vil8zwr               	true 	276.7MB   	6 hours ago
1liribag2pbukyekgrnk8uxik               	true 	277.8MB   	3 hours ago
vwfzvymqcp0f9ny40ato5bdic*              	true 	620B      	42 minutes ago
ujihkbjki7n2yrowqcoxypd38*              	true 	420.6MB   	42 minutes ago
nxx505wj26iowpqv3zcgzkhu6               	true 	276.6MB   	6 hours ago
c1ld0b39mvg2smjs7amxcb6j4               	true 	279MB     	42 minutes ago
z3can26n1uvaq72f32y2sg78z               	true 	276.6MB   	7 hours ago
v2uk5q9cl9byaphpr7077o53w               	true 	278.3MB   	3 hours ago
m0js19rdmwvwc4kdkut2hohnk               	true 	277.8MB   	3 hours ago
23rix5um1tv9z9f0s4ksqlqx5               	true 	278.3MB   	3 hours ago
nzf5awh7hjac26zux3rq6khmf               	true 	278.6MB   	2 hours ago
mvmjrfmnbigfq64ayyx0dytgw               	true 	279MB     	42 minutes ago
ikvfw5y8g5jo6r1zq83i7x19w               	true 	276.3MB   	7 hours ago
qatph4b20yz0curxhuzfbkmhq               	true 	279MB     	42 minutes ago
o6qx30s6v0f8eahhd78ol0fbl               	true 	277.1MB   	5 hours ago
wf8mepay41jncg0rnevjt63xc               	true 	279.3MB   	11 minutes ago
0crvrnbmzoikkwwa581qi5xb7               	true 	277.2MB   	5 hours ago
383co2uptlymtca2g0mwadzpx               	true 	278.6MB   	2 hours ago
mczi2nm0sl3ujheuvrejbsdar*              	true 	420.6MB   	4 hours ago
0xsivr8u32dd467x7j1v1svi5               	true 	279MB     	42 minutes ago
su0o6s6ocyzotxjlyzal17upi               	true 	276.5MB   	7 hours ago
2picu7e791u66c8npofur70xf*              	true 	420.6MB   	4 hours ago
ozbw9sgddtjwcge4my4fchn84               	true 	278.6MB   	2 hours ago
ntgujj8r7v872u5lx0ofj1sfr*              	true 	420.6MB   	7 hours ago
7rs5ee6kjsguxoeq9xjgko8tg               	true 	277.4MB   	4 hours ago
4mo6m8s99me1aok9yfdhjpt8h*              	true 	420.6MB   	6 hours ago
e9jit52mgch0byrfcs03d2x1v*              	true 	420.6MB   	7 hours ago
z10vz6e9zbq7t1wxi1r5vfphf               	true 	278.6MB   	2 hours ago
vbapx20zjoa63vtdukszip7dc               	true 	279MB     	42 minutes ago
nxx77goqtbjbig6vuatmgy4q4               	true 	277.4MB   	4 hours ago
7myx9uy7hca544cpaw2yox756               	true 	0B        	7 hours ago
k0qlzjjznt0n9a5nf8vozs56t               	true 	276.7MB   	6 hours ago
3ycw3m98lj8a4n7kmxttdj8i9               	true 	278.7MB   	2 hours ago
qvif0fjrbsua1yrh8yzf8qjkw*              	true 	420.6MB   	6 hours ago
w809zicff29vnkt83tg5zx220*              	true 	420.6MB   	6 hours ago
te1vvbntf8lj7v0jaty69eeze*              	true 	620B      	42 minutes ago
onarcpzj4qjhjsirerwr96ide*              	true 	420.6MB   	2 hours ago
v9qwdqm3thrv7923s0w6yc9hl               	true 	278.7MB   	2 hours ago
yu9u3hv88g1b5f3qruji9lqsd*              	true 	0B        	42 minutes ago
pfeyp9kcqi619l0z4iqtaluq1               	true 	276.2MB   	7 hours ago
x44ajamn6b2u9ln4vx03k1khf*              	true 	420.6MB   	6 hours ago
p0onbzt4t4et7uxg2vzk9jjkn*              	true 	420.6MB   	3 hours ago
vmfw7h8jwo65r5qk6dtv37t44*              	true 	620B      	42 minutes ago
m6v5iqn89uvpxwpe2gp68i0yp               	true 	276.6MB   	7 hours ago
qdiaashyke3rz98x81vgfepw5*              	true 	420.6MB   	42 minutes ago
v58uaoypvzd8aj4twx2j4kony               	true 	279MB     	42 minutes ago
3eig7dhf89o1aerjeykqss3i9               	true 	276.7MB   	6 hours ago
ymsxk292qrizpltfdpyuq2f0s               	true 	277.4MB   	4 hours ago
qzyiwlbq2uzz1fjlu7f2jej6k               	true 	276.3MB   	7 hours ago
qf3m0zp3l1mdlndrb4c3se0jb               	true 	277.8MB   	3 hours ago
how7pa8imqmfk94e2yogqvify               	true 	278.6MB   	2 hours ago
oo23tdfh21cixfj5m613du0sv*              	true 	420.6MB   	5 hours ago
z5cy398ehs906eyz4a5wum4mh*              	true 	420.6MB   	42 minutes ago
nt94s09js2ynlic096iyo6zwa*              	true 	420.6MB   	7 hours ago
oju74u7thh0xgj4yyj93jxd6q               	true 	276.5MB   	7 hours ago
2ejbjdftlkvrv81hhphzvxfqg*              	true 	420.6MB   	7 hours ago
xin5sd940uybjyy95rzs9li0a*              	true 	420.6MB   	4 hours ago
rxz8m5ti0lw78fxibnt36l8zl               	true 	276.6MB   	7 hours ago
33ted8zcfqs3r9qude2rtzjvm               	true 	276.2MB   	7 hours ago
yuq5lovcfj894h5byz7zvmbf1               	true 	277.4MB   	4 hours ago
t2wdawqgy8r35xfnhbs8gn4bv*              	true 	420.6MB   	7 hours ago
zv42p9x1lxx7zfa28z1wrwb4p               	true 	279.3MB   	11 minutes ago
xjws630hivsp3j15zdbj2xg5p               	true 	276.3MB   	7 hours ago
wnmssbnec9bbux2yci7eke9cp               	true 	279MB     	42 minutes ago
pymcrtq67hgel0eiy47k0p2wb*              	true 	420.6MB   	5 hours ago
77s371lju5g904cpz8jtny12r               	true 	278.6MB   	2 hours ago
mev40k7mzax7dow9k9ou9k0i4               	true 	276.3MB   	7 hours ago
gvy746ekbhmhd6ng8i9c9ea07               	true 	277.1MB   	5 hours ago
jc5rtwehgfp55w0xj88a8hwt2               	true 	276.5MB   	7 hours ago
ag5lm2tw03jcm7iz2wkwkgysc               	true 	278.3MB   	3 hours ago
ikthm8cp9n6y1ei0orfdxsi47               	true 	276.6MB   	6 hours ago
03duked4ea0qcor54jvq2b98s*              	true 	420.6MB   	4 hours ago
o7ye81nimao89whu8m62a9wci*              	true 	620B      	42 minutes ago
p2gi8gkzt4w6s1z7ie2cb52nh               	true 	276.6MB   	6 hours ago
8ks4b2yj5t11c893unzk9g1x3*              	true 	420.6MB   	6 hours ago
woq0ee7kg1cu54tpg98ihq1ww               	true 	276.8MB   	6 hours ago
vjk7vknqg3geqfma7keymy5m4               	true 	276.6MB   	7 hours ago
mrm1awil93d5eqi33m7myu3aw               	true 	276.8MB   	6 hours ago
3090h2lbn6pqukv73yx7kol81               	true 	279MB     	42 minutes ago
8p6icllk7opbx0cxm7iqhartw               	true 	276.6MB   	6 hours ago
q6y1fhp8mypow4khvl5i7oxn8               	true 	39.89MB   	5 hours ago
suq4eg59uei6pk9orv8yvj1j7*              	true 	420.6MB   	3 hours ago
rxqs9jeq7d33ftkubuz7onush               	true 	277.1MB   	5 hours ago
nbnf4yi1zsgbkw7elosqdq6d6*              	true 	420.6MB   	5 hours ago
gci2nzydjp2yspsvokrddw5uu               	true 	278.6MB   	2 hours ago
7qfkiltcw5ncp6d97mptmqat2               	true 	279.3MB   	11 minutes ago
7s5vsw1kgzcdqlvq68ybsh4y2               	true 	279MB     	42 minutes ago
dazo8tj57rt5jsm70pw4f65rn               	true 	277.8MB   	3 hours ago
v12ydqwlmstc1qvpup0cfocyh               	true 	276.8MB   	6 hours ago
22x43vfh3lu6i8wb009x0lv2k               	true 	0B        	7 hours ago
o959jbc4uuq66a0qzemn3och7               	true 	277.4MB   	4 hours ago
yn5oypekj4l69o6jhtdgnary5               	true 	279MB     	42 minutes ago
yejii31ksx4a4c8yk6icyviv3*              	true 	420.6MB   	5 hours ago
jjy00oqrfah5pp06rdz313wu0*              	true 	420.6MB   	2 hours ago
pkg01sfstjqyq04wjyc15ji3p*              	true 	420.6MB   	2 hours ago
94x8k5s4mxlivgyj0yrpbnjss*              	true 	420.6MB   	7 hours ago
odicp2syfavhzpo4oiun024pu*              	true 	420.6MB   	5 hours ago
wslufafz54zqj3o4f41rk27fa*              	true 	0B        	42 minutes ago
xh9uxwlmssdhd9gj85t5ndhyy*              	true 	420.6MB   	6 hours ago
lftqck1i0bmxwu6dyx4yiwr7o               	true 	277.4MB   	4 hours ago
va9yezb3pwccijh2tllrhjupt               	true 	276.7MB   	6 hours ago
mull7gh88dr6gto0je6v8yvie               	true 	278.7MB   	2 hours ago
1o7oa013x4mqfifdlg9fpapcg*              	true 	279.3MB   	11 minutes ago
cfde3365r5jfot1nkwezkkz7n               	true 	276.8MB   	6 hours ago
tkwiu5v4l7ikc9aii3zizec59               	true 	277.2MB   	5 hours ago
z1z8dqj4bkylcrzk2z5ipcbl8               	true 	278.5MB   	2 hours ago
tjttuo8m1sx62tyhxs1xoh0mr               	true 	277.8MB   	3 hours ago
nlk5jjh788iaw0leyg20myrbv               	true 	277.1MB   	5 hours ago
4v3nceeuua1wm453rgd56kx1o               	true 	39.89MB   	5 hours ago
4cycj2bpz16fd2u6bx0yfh66f               	true 	277.1MB   	5 hours ago
tdzwc9b6q0xotrr1duur0868k               	true 	276.5MB   	7 hours ago
viplyr0djdr3gij2b79wgxf7f               	true 	277.2MB   	5 hours ago
ajsndzrm48vcvucsyhfkdu4ek               	true 	0B        	7 hours ago
4pa7ioej4azqkn14dkgf8vv73               	true 	277.8MB   	3 hours ago
kb823s2z5z8zniil559owo6oj               	true 	279.3MB   	11 minutes ago
8prui2tpz83moixlctfxwi00b               	true 	279.3MB   	11 minutes ago
1pzfum2vvn6myyh7fz1ilda85               	true 	276.7MB   	6 hours ago
3ouevhetzwaq29kdn3psefdlb               	true 	276.8MB   	6 hours ago
a1o8uryg1y3d4bmvu4rxfa1k8               	true 	278.6MB   	2 hours ago
24pgv37cv99ax68dt1xt2ck0i               	true 	0B        	7 hours ago
txx0q0e4emu34aopi0f336vzr               	true 	0B        	5 hours ago
sbsa77zxvd2g3yue0hxpqc7x2               	true 	276.7MB   	6 hours ago
zeq5a9udp2qbl1mdnl1h62o4x               	true 	277.8MB   	3 hours ago
h2adaeffnrgujcc44nvx4ut55               	true 	277.1MB   	5 hours ago
nzgocbp9z8fbwzao6epa80cmx               	true 	279MB     	42 minutes ago
n6vep8p8jj84qibxyq11mg00s               	true 	277.1MB   	5 hours ago
wiy6l10709tqbginlazb1nvzs               	true 	278.6MB   	2 hours ago
s827qdb0u555bq9yxnb8iyy3q*              	true 	420.6MB   	42 minutes ago
xrticfk7q3932ocqc6dh1y39p               	true 	279MB     	42 minutes ago
sgtbjixeb7bq7f2xw4ly30vv6               	true 	279MB     	42 minutes ago
w8m5xxn2u2fd1rtmd5fmko93c*              	true 	0B        	42 minutes ago
3l8ncesrj4vghw4zp2b6gbcgt               	true 	278.6MB   	2 hours ago
mleoeiru49nz5607j7aa6vy9j*              	true 	420.6MB   	5 hours ago
2jryvhebawodcmgj6ccii7r3f*              	true 	420.6MB   	3 hours ago
is17xbgdgdps89a3iqf56r2cx*              	true 	420.6MB   	2 hours ago
s68daxrvgxf0du0wxn2z8ze0b*              	true 	420.6MB   	2 hours ago
08kiwirb5f3d5oh1sxpc8hi0o               	true 	276.3MB   	7 hours ago
pozpjddc2qtjetqwbc7wx2v6m               	true 	278.6MB   	2 hours ago
95mvqwdy9k6kky806t49ch2rt               	true 	278.6MB   	2 hours ago
xcqydsgzxalswf2xlhbummj3e               	true 	276.6MB   	6 hours ago
8f6h8aa1kpo5g2khol0lqzwmz               	true 	279MB     	42 minutes ago
szi60cbfkvzj2khkgk8yrpquk               	true 	277.8MB   	3 hours ago
ud8ubj3qqeisibehgnvq2st7u               	true 	276.2MB   	7 hours ago
qvw5v0rf1bsbsz73vtvjahxmy               	true 	279MB     	42 minutes ago
powb4z27qmvrfpj2i0bevqh33               	true 	276.2MB   	8 hours ago
cklfrx5u8il27qsgus00urh8l               	true 	276.7MB   	6 hours ago
sj8oimk9229pffog6bsysjbd1               	true 	277.1MB   	5 hours ago
vkp8svm721qeuzcwzax5nd0nw               	true 	0B        	7 hours ago
ee1badodd4bycr7ceyavn9ls4               	true 	6.833MB   	8 hours ago
2sn6uoafe531ryftoeeuvsr2j*              	true 	420.6MB   	5 hours ago
js2thw6x4wuxje7ikxinuadde*              	true 	420.6MB   	5 hours ago
sg9rhcm17zkjx1qv0t8q79g10               	true 	279MB     	42 minutes ago
th715akl5et136ffqy7qu6inn               	true 	279MB     	42 minutes ago
oxa3nqtuzjllilnu1bl0t5fzh               	true 	278.6MB   	2 hours ago
g1724jcs75pzgysgchbvpt6s9*              	true 	420.6MB   	2 hours ago
pnpcipjdy8vm8g6fnbcjtq7zh               	true 	277.4MB   	4 hours ago
ih7x3kdko78sqagsacpcgqyhc*              	true 	420.6MB   	5 hours ago
7a20f0bjt0c3xwlpi147htng3               	true 	279.3MB   	11 minutes ago
dmp5jyakdf7w6sq8r38f4w7cm               	true 	277.1MB   	5 hours ago
hu1yg5gtayi6dbsqi1wxnpv9g               	true 	278.7MB   	2 hours ago
5ip12ma41i04u7frlkvqx2jm3               	true 	278.6MB   	2 hours ago
mozb0h44v4ymd7g7372c6f32h               	true 	277.1MB   	5 hours ago
z6yas5ndw2fpaa0fmq27delky               	true 	276.7MB   	6 hours ago
0bascd3jsplkyhiqlq8mu835c               	true 	278.6MB   	2 hours ago
n86szcc7i4npxu5guf37dnr23               	true 	279MB     	42 minutes ago
2kyfx3nep0s8bii50lshoba2p               	true 	278.6MB   	2 hours ago
vysxbp282qdcsfqj5mkrlmy16               	true 	277.1MB   	5 hours ago
o3nm96f668rgqznmcaff3htuk               	true 	277.2MB   	5 hours ago
ut1dvb1ce0d6hwfnag30ub5i4*              	true 	420.6MB   	5 hours ago
yadhn8mglkxqgl4ucga33vx12*              	true 	420.6MB   	4 hours ago
d7x84xakepx6jskjjymvlngj8*              	true 	0B        	11 minutes ago
fz2sg8fjndpfeiw2i7mzo5lyt*              	true 	420.6MB   	5 hours ago
dmb8tkdgi2pwim16i9g0zq0ly               	true 	276.8MB   	6 hours ago
ldwvow148pdx8sdvj3a9noowx*              	true 	420.6MB   	3 hours ago
k5si748cjzq4yzcwhmlpuaq61               	true 	278.6MB   	2 hours ago
nehf6gnh8qrru7slu9hppnqpl*              	true 	420.6MB   	2 hours ago
yx9354x1x5hdnpw6hzni8yprp*              	true 	420.6MB   	6 hours ago
olj3dvzdgbkp2bxyej5u92gs0               	true 	277.2MB   	5 hours ago
j8zuqqbzhnipdv1zdj0uhykdc               	true 	278.3MB   	3 hours ago
y8vdf9e2ie2edxnpohzzhy2de*              	true 	279MB     	42 minutes ago
s3i8j32rve1mjf3kzn1mjy45w               	true 	277.2MB   	5 hours ago
6gowok828nyca8rw31m8yvf0l*              	true 	420.6MB   	3 hours ago
kp9klv914648r28yrbt55ocn8*              	true 	620B      	11 minutes ago
7baxna6yb90znhtj3gnns8uwm*              	true 	420.6MB   	7 hours ago
rhyq3g1zk4oc42byl0hnnsi2n*              	true 	420.6MB   	7 hours ago
g95pkbrhp9jf70ql0lwr55658               	true 	276.5MB   	7 hours ago
qzkcbm3upq4nhxwcokxnnvj2n               	true 	277.4MB   	4 hours ago
uydqzky1ez0bp03r2em3jnuk6               	true 	276.6MB   	7 hours ago
6i44f4x0r40lcpw4oafas16cg               	true 	277.4MB   	4 hours ago
4oytzfh8q1jntfkrprkgxjenn               	true 	277.1MB   	5 hours ago
5r7qow434i1fufswmvofwgevt               	true 	276.6MB   	7 hours ago
q8esat6nlcr7gzum75du3ycdj               	true 	277.2MB   	5 hours ago
jz1z0jg0gkhf37n3rwxq3va3t               	true 	277.2MB   	5 hours ago
215k4bfa2wk5p0qhlrpel6o7a               	true 	277.1MB   	5 hours ago
nwy2fq9azc10lep8qnvmnzydu               	true 	277.8MB   	3 hours ago
fgvj1eerw2tduz5o5og2f9x5l               	true 	278.6MB   	2 hours ago
qqpo5jc01dz1a007n4380jn9z               	true 	277.8MB   	3 hours ago
o2jgv1ncgea74emhfl7ns82q7               	true 	278.6MB   	2 hours ago
jqcmsmbhq3hh7n0dxf1gdocpf               	true 	276.7MB   	6 hours ago
prig2z16uxi86qxtl1ssks8uc               	true 	279MB     	42 minutes ago
sxb7k7akdml8gt93k450ax23o               	true 	276.3MB   	7 hours ago
ibbifc8a5o47cdayfskt0hqhw               	true 	231.4MB   	11 minutes ago
if2dzfudoxtbc09ni09vxtx3m               	true 	44.99kB   	8 hours ago
4wa2bzjhjus8dsukpvwaexu8e               	true 	0B        	8 hours ago
y0keu99z1vs3l7qwq8v6ztmd8               	true 	0B        	8 hours ago
vgt1tbt9cbi3qgb2lsuu5stqh               	true 	0B        	8 hours ago
a95ybmwqxbi400o5s2rc0vosl               	true 	0B        	8 hours ago
r0rfeg6tayknjo5nhf0rxhrgd               	true 	0B        	8 hours ago
5axuaev579pwyq6iy3wzr2kfq               	true 	0B        	8 hours ago
Total:	567.5GB
=== 2026-03-26T04:04:30-04:00 === docker buildx prune -a -f
Total:	0B
=== 2026-03-26T04:04:30-04:00 === run_single_comparison.sh --test replication_distribution --nodes 100 --iterations 10
Matrix cell output: /mnt/School/1_Temple/fall25/independentStudy/fall25_independentStudy/test_results/matrix/replication_distribution_n100_i10
Output directory: /mnt/School/1_Temple/fall25/independentStudy/fall25_independentStudy/test_results/matrix/replication_distribution_n100_i10
==========================================
Swarm Comparison Test Suite
==========================================
Node counts: 100
Payload sizes: 1024 10240 102400 1048576 bytes
Batch sizes (upload): 1 5
Iterations per test: 10
Per-test timeout: 7200s (default or auto: 5400/7200/7200s for max N 50/100/500)
Tests (filtered): replication_distribution
Output directory: /mnt/School/1_Temple/fall25/independentStudy/fall25_independentStudy/test_results/matrix/replication_distribution_n100_i10


==========================================
Testing with 100 nodes
==========================================
  [0;36mEnsuring clean state...[0m

[0;34mStep 1: Starting vn-IPFS...[0m

[0;34mStep 1b: Starting Swarm...[0m
[0;31mvn-IPFS failed to start. Log: /mnt/School/1_Temple/fall25/independentStudy/fall25_independentStudy/test_results/matrix/replication_distribution_n100_i10/our_startup_n100.log[0m

[0;34mCleaning up containers...[0m
  Cleanup complete

[0;34mAggregating results...[0m
  Aggregated upload results: /mnt/School/1_Temple/fall25/independentStudy/fall25_independentStudy/test_results/matrix/replication_distribution_n100_i10/upload_aggregated.csv
  Aggregated download results: /mnt/School/1_Temple/fall25/independentStudy/fall25_independentStudy/test_results/matrix/replication_distribution_n100_i10/download_aggregated.csv

[0;34mGenerating summary report...[0m
==========================================
Swarm Comparison Test Summary Report
==========================================
Generated: Thu Mar 26 04:05:02 AM EDT 2026

Test Configuration:
  Node counts: 100
  Payload sizes: 1024 10240 102400 1048576 bytes
  Iterations per test: 10

Upload Latency Test Results:
----------------------------
  Node count: 100 - No results file found

Download Latency Test Results (cold and warm):
------------------------------
  Node count: 100 - No results file found

==========================================
All results saved to: /mnt/School/1_Temple/fall25/independentStudy/fall25_independentStudy/test_results/matrix/replication_distribution_n100_i10
==========================================

  Summary report: /mnt/School/1_Temple/fall25/independentStudy/fall25_independentStudy/test_results/matrix/replication_distribution_n100_i10/summary_report.txt

==========================================
Test Suite Complete!
==========================================
Results directory: /mnt/School/1_Temple/fall25/independentStudy/fall25_independentStudy/test_results/matrix/replication_distribution_n100_i10

Files generated:
  - upload_n<N>_batch<B>.csv: Upload latency results (N nodes, batch size B)
  - upload_network_bytes.csv: Network bytes transferred during upload (system,payload_size,batch_size,bytes_transferred)
  - download_n<N>_cold.csv, download_n<N>_warm.csv: Download latency results (cold/warm cache)
  - upload_aggregated.csv: All upload results combined
  - download_aggregated.csv: system,node_count,payload_size,iteration,cache_mode,ttfb_ms,total_ms,lookup_type
  - network_hops_results.csv: DHT lookup hops per operation (when available)
  - storage_efficiency_results.csv: disk_bytes, efficiency_ratio per system (when available)
  - replication_results.csv: system,payload_size,nodes,replicas_target,time_to_R_s[,replication_bytes] (when available)
  - replication_distribution.csv: system,node_count,near,midrange,farflung (N/M/F vs Swarm N/A)
  - repair_time_results.csv: system,node_count,repair_time_s (when available)
  - concurrent_results.csv: system,concurrent_writes,concurrent_reads,throughput_mbps,p99_latency_ms (when available)
  - lookup_latency_n<N>.csv: isolated lookup latency (token vs TTFB proxy)
  - lookup_complexity_results.csv: system,node_count,operation,hops (O(log N) regression)
  - routing_overhead_results.csv: system,operation,message_count,overhead_type (token vs provider announce)
  - resource_usage.csv: CPU/memory samples during tests (when available)
  - resource_usage_upload_n<N>.csv: CPU/memory during upload phase only, per node count
  - summary_report.txt: Test summary report


[0;34mCleaning up containers...[0m
  Cleanup complete
[0;32mAll tests complete![0m

[0;34mCleaning up containers...[0m
  Cleanup complete
=== 2026-03-26T04:05:03-04:00 === run_single_comparison.sh --test repair_time --nodes 50 --iterations 10
Matrix cell output: /mnt/School/1_Temple/fall25/independentStudy/fall25_independentStudy/test_results/matrix/repair_time_n50_i10
Output directory: /mnt/School/1_Temple/fall25/independentStudy/fall25_independentStudy/test_results/matrix/repair_time_n50_i10
==========================================
Swarm Comparison Test Suite
==========================================
Node counts: 50
Payload sizes: 1024 10240 102400 1048576 bytes
Batch sizes (upload): 1 5
Iterations per test: 10
Per-test timeout: 5400s (default or auto: 5400/7200/7200s for max N 50/100/500)
Tests (filtered): repair_time
Output directory: /mnt/School/1_Temple/fall25/independentStudy/fall25_independentStudy/test_results/matrix/repair_time_n50_i10


==========================================
Testing with 50 nodes
==========================================
  [0;36mEnsuring clean state...[0m

[0;34mStep 1: Starting vn-IPFS...[0m

[0;34mStep 1b: Starting Swarm...[0m
[0;31mvn-IPFS failed to start. Log: /mnt/School/1_Temple/fall25/independentStudy/fall25_independentStudy/test_results/matrix/repair_time_n50_i10/our_startup_n50.log[0m

[0;34mCleaning up containers...[0m
  Cleanup complete

[0;34mAggregating results...[0m
  Aggregated upload results: /mnt/School/1_Temple/fall25/independentStudy/fall25_independentStudy/test_results/matrix/repair_time_n50_i10/upload_aggregated.csv
  Aggregated download results: /mnt/School/1_Temple/fall25/independentStudy/fall25_independentStudy/test_results/matrix/repair_time_n50_i10/download_aggregated.csv

[0;34mGenerating summary report...[0m
==========================================
Swarm Comparison Test Summary Report
==========================================
Generated: Thu Mar 26 04:05:27 AM EDT 2026

Test Configuration:
  Node counts: 50
  Payload sizes: 1024 10240 102400 1048576 bytes
  Iterations per test: 10

Upload Latency Test Results:
----------------------------
  Node count: 50 - No results file found

Download Latency Test Results (cold and warm):
------------------------------
  Node count: 50 - No results file found

==========================================
All results saved to: /mnt/School/1_Temple/fall25/independentStudy/fall25_independentStudy/test_results/matrix/repair_time_n50_i10
==========================================

  Summary report: /mnt/School/1_Temple/fall25/independentStudy/fall25_independentStudy/test_results/matrix/repair_time_n50_i10/summary_report.txt

==========================================
Test Suite Complete!
==========================================
Results directory: /mnt/School/1_Temple/fall25/independentStudy/fall25_independentStudy/test_results/matrix/repair_time_n50_i10

Files generated:
  - upload_n<N>_batch<B>.csv: Upload latency results (N nodes, batch size B)
  - upload_network_bytes.csv: Network bytes transferred during upload (system,payload_size,batch_size,bytes_transferred)
  - download_n<N>_cold.csv, download_n<N>_warm.csv: Download latency results (cold/warm cache)
  - upload_aggregated.csv: All upload results combined
  - download_aggregated.csv: system,node_count,payload_size,iteration,cache_mode,ttfb_ms,total_ms,lookup_type
  - network_hops_results.csv: DHT lookup hops per operation (when available)
  - storage_efficiency_results.csv: disk_bytes, efficiency_ratio per system (when available)
  - replication_results.csv: system,payload_size,nodes,replicas_target,time_to_R_s[,replication_bytes] (when available)
  - replication_distribution.csv: system,node_count,near,midrange,farflung (N/M/F vs Swarm N/A)
  - repair_time_results.csv: system,node_count,repair_time_s (when available)
  - concurrent_results.csv: system,concurrent_writes,concurrent_reads,throughput_mbps,p99_latency_ms (when available)
  - lookup_latency_n<N>.csv: isolated lookup latency (token vs TTFB proxy)
  - lookup_complexity_results.csv: system,node_count,operation,hops (O(log N) regression)
  - routing_overhead_results.csv: system,operation,message_count,overhead_type (token vs provider announce)
  - resource_usage.csv: CPU/memory samples during tests (when available)
  - resource_usage_upload_n<N>.csv: CPU/memory during upload phase only, per node count
  - summary_report.txt: Test summary report


[0;34mCleaning up containers...[0m
  Cleanup complete
[0;32mAll tests complete![0m

[0;34mCleaning up containers...[0m
  Cleanup complete
=== 2026-03-26T04:05:28-04:00 === run_single_comparison.sh --test repair_time --nodes 100 --iterations 10
Matrix cell output: /mnt/School/1_Temple/fall25/independentStudy/fall25_independentStudy/test_results/matrix/repair_time_n100_i10
Output directory: /mnt/School/1_Temple/fall25/independentStudy/fall25_independentStudy/test_results/matrix/repair_time_n100_i10
==========================================
Swarm Comparison Test Suite
==========================================
Node counts: 100
Payload sizes: 1024 10240 102400 1048576 bytes
Batch sizes (upload): 1 5
Iterations per test: 10
Per-test timeout: 7200s (default or auto: 5400/7200/7200s for max N 50/100/500)
Tests (filtered): repair_time
Output directory: /mnt/School/1_Temple/fall25/independentStudy/fall25_independentStudy/test_results/matrix/repair_time_n100_i10


==========================================
Testing with 100 nodes
==========================================
  [0;36mEnsuring clean state...[0m

[0;34mStep 1: Starting vn-IPFS...[0m

[0;34mStep 1b: Starting Swarm...[0m
[0;31mvn-IPFS failed to start. Log: /mnt/School/1_Temple/fall25/independentStudy/fall25_independentStudy/test_results/matrix/repair_time_n100_i10/our_startup_n100.log[0m

[0;34mCleaning up containers...[0m
  Cleanup complete

[0;34mAggregating results...[0m
  Aggregated upload results: /mnt/School/1_Temple/fall25/independentStudy/fall25_independentStudy/test_results/matrix/repair_time_n100_i10/upload_aggregated.csv
  Aggregated download results: /mnt/School/1_Temple/fall25/independentStudy/fall25_independentStudy/test_results/matrix/repair_time_n100_i10/download_aggregated.csv

[0;34mGenerating summary report...[0m
==========================================
Swarm Comparison Test Summary Report
==========================================
Generated: Thu Mar 26 04:05:53 AM EDT 2026

Test Configuration:
  Node counts: 100
  Payload sizes: 1024 10240 102400 1048576 bytes
  Iterations per test: 10

Upload Latency Test Results:
----------------------------
  Node count: 100 - No results file found

Download Latency Test Results (cold and warm):
------------------------------
  Node count: 100 - No results file found

==========================================
All results saved to: /mnt/School/1_Temple/fall25/independentStudy/fall25_independentStudy/test_results/matrix/repair_time_n100_i10
==========================================

  Summary report: /mnt/School/1_Temple/fall25/independentStudy/fall25_independentStudy/test_results/matrix/repair_time_n100_i10/summary_report.txt

==========================================
Test Suite Complete!
==========================================
Results directory: /mnt/School/1_Temple/fall25/independentStudy/fall25_independentStudy/test_results/matrix/repair_time_n100_i10

Files generated:
  - upload_n<N>_batch<B>.csv: Upload latency results (N nodes, batch size B)
  - upload_network_bytes.csv: Network bytes transferred during upload (system,payload_size,batch_size,bytes_transferred)
  - download_n<N>_cold.csv, download_n<N>_warm.csv: Download latency results (cold/warm cache)
  - upload_aggregated.csv: All upload results combined
  - download_aggregated.csv: system,node_count,payload_size,iteration,cache_mode,ttfb_ms,total_ms,lookup_type
  - network_hops_results.csv: DHT lookup hops per operation (when available)
  - storage_efficiency_results.csv: disk_bytes, efficiency_ratio per system (when available)
  - replication_results.csv: system,payload_size,nodes,replicas_target,time_to_R_s[,replication_bytes] (when available)
  - replication_distribution.csv: system,node_count,near,midrange,farflung (N/M/F vs Swarm N/A)
  - repair_time_results.csv: system,node_count,repair_time_s (when available)
  - concurrent_results.csv: system,concurrent_writes,concurrent_reads,throughput_mbps,p99_latency_ms (when available)
  - lookup_latency_n<N>.csv: isolated lookup latency (token vs TTFB proxy)
  - lookup_complexity_results.csv: system,node_count,operation,hops (O(log N) regression)
  - routing_overhead_results.csv: system,operation,message_count,overhead_type (token vs provider announce)
  - resource_usage.csv: CPU/memory samples during tests (when available)
  - resource_usage_upload_n<N>.csv: CPU/memory during upload phase only, per node count
  - summary_report.txt: Test summary report


[0;34mCleaning up containers...[0m
  Cleanup complete
[0;32mAll tests complete![0m

[0;34mCleaning up containers...[0m
  Cleanup complete
=== 2026-03-26T04:05:54-04:00 === run_single_comparison.sh --test network_hops --nodes 50 --iterations 10
Matrix cell output: /mnt/School/1_Temple/fall25/independentStudy/fall25_independentStudy/test_results/matrix/network_hops_n50_i10
Output directory: /mnt/School/1_Temple/fall25/independentStudy/fall25_independentStudy/test_results/matrix/network_hops_n50_i10
==========================================
Swarm Comparison Test Suite
==========================================
Node counts: 50
Payload sizes: 1024 10240 102400 1048576 bytes
Batch sizes (upload): 1 5
Iterations per test: 10
Per-test timeout: 5400s (default or auto: 5400/7200/7200s for max N 50/100/500)
Tests (filtered): network_hops
Output directory: /mnt/School/1_Temple/fall25/independentStudy/fall25_independentStudy/test_results/matrix/network_hops_n50_i10


==========================================
Testing with 50 nodes
==========================================
  [0;36mEnsuring clean state...[0m

[0;34mStep 1: Starting vn-IPFS...[0m

[0;34mStep 1b: Starting Swarm...[0m
[0;31mvn-IPFS failed to start. Log: /mnt/School/1_Temple/fall25/independentStudy/fall25_independentStudy/test_results/matrix/network_hops_n50_i10/our_startup_n50.log[0m

[0;34mCleaning up containers...[0m
  Stopping vn-IPFS/our system...
  Cleanup complete

[0;34mAggregating results...[0m
  Aggregated upload results: /mnt/School/1_Temple/fall25/independentStudy/fall25_independentStudy/test_results/matrix/network_hops_n50_i10/upload_aggregated.csv
  Aggregated download results: /mnt/School/1_Temple/fall25/independentStudy/fall25_independentStudy/test_results/matrix/network_hops_n50_i10/download_aggregated.csv

[0;34mGenerating summary report...[0m
==========================================
Swarm Comparison Test Summary Report
==========================================
Generated: Thu Mar 26 04:06:21 AM EDT 2026

Test Configuration:
  Node counts: 50
  Payload sizes: 1024 10240 102400 1048576 bytes
  Iterations per test: 10

Upload Latency Test Results:
----------------------------
  Node count: 50 - No results file found

Download Latency Test Results (cold and warm):
------------------------------
  Node count: 50 - No results file found

==========================================
All results saved to: /mnt/School/1_Temple/fall25/independentStudy/fall25_independentStudy/test_results/matrix/network_hops_n50_i10
==========================================

  Summary report: /mnt/School/1_Temple/fall25/independentStudy/fall25_independentStudy/test_results/matrix/network_hops_n50_i10/summary_report.txt

==========================================
Test Suite Complete!
==========================================
Results directory: /mnt/School/1_Temple/fall25/independentStudy/fall25_independentStudy/test_results/matrix/network_hops_n50_i10

Files generated:
  - upload_n<N>_batch<B>.csv: Upload latency results (N nodes, batch size B)
  - upload_network_bytes.csv: Network bytes transferred during upload (system,payload_size,batch_size,bytes_transferred)
  - download_n<N>_cold.csv, download_n<N>_warm.csv: Download latency results (cold/warm cache)
  - upload_aggregated.csv: All upload results combined
  - download_aggregated.csv: system,node_count,payload_size,iteration,cache_mode,ttfb_ms,total_ms,lookup_type
  - network_hops_results.csv: DHT lookup hops per operation (when available)
  - storage_efficiency_results.csv: disk_bytes, efficiency_ratio per system (when available)
  - replication_results.csv: system,payload_size,nodes,replicas_target,time_to_R_s[,replication_bytes] (when available)
  - replication_distribution.csv: system,node_count,near,midrange,farflung (N/M/F vs Swarm N/A)
  - repair_time_results.csv: system,node_count,repair_time_s (when available)
  - concurrent_results.csv: system,concurrent_writes,concurrent_reads,throughput_mbps,p99_latency_ms (when available)
  - lookup_latency_n<N>.csv: isolated lookup latency (token vs TTFB proxy)
  - lookup_complexity_results.csv: system,node_count,operation,hops (O(log N) regression)
  - routing_overhead_results.csv: system,operation,message_count,overhead_type (token vs provider announce)
  - resource_usage.csv: CPU/memory samples during tests (when available)
  - resource_usage_upload_n<N>.csv: CPU/memory during upload phase only, per node count
  - summary_report.txt: Test summary report


[0;34mCleaning up containers...[0m
  Cleanup complete
[0;32mAll tests complete![0m

[0;34mCleaning up containers...[0m
  Cleanup complete
=== 2026-03-26T04:06:21-04:00 === run_single_comparison.sh --test network_hops --nodes 100 --iterations 10
Matrix cell output: /mnt/School/1_Temple/fall25/independentStudy/fall25_independentStudy/test_results/matrix/network_hops_n100_i10
Output directory: /mnt/School/1_Temple/fall25/independentStudy/fall25_independentStudy/test_results/matrix/network_hops_n100_i10
==========================================
Swarm Comparison Test Suite
==========================================
Node counts: 100
Payload sizes: 1024 10240 102400 1048576 bytes
Batch sizes (upload): 1 5
Iterations per test: 10
Per-test timeout: 7200s (default or auto: 5400/7200/7200s for max N 50/100/500)
Tests (filtered): network_hops
Output directory: /mnt/School/1_Temple/fall25/independentStudy/fall25_independentStudy/test_results/matrix/network_hops_n100_i10


==========================================
Testing with 100 nodes
==========================================
  [0;36mEnsuring clean state...[0m

[0;34mStep 1: Starting vn-IPFS...[0m

[0;34mStep 1b: Starting Swarm...[0m
[0;31mSwarm failed to start. Log: /mnt/School/1_Temple/fall25/independentStudy/fall25_independentStudy/test_results/matrix/network_hops_n100_i10/swarm_startup_n100.log[0m

[0;34mCleaning up containers...[0m
  Cleanup complete

[0;34mAggregating results...[0m
  Aggregated upload results: /mnt/School/1_Temple/fall25/independentStudy/fall25_independentStudy/test_results/matrix/network_hops_n100_i10/upload_aggregated.csv
  Aggregated download results: /mnt/School/1_Temple/fall25/independentStudy/fall25_independentStudy/test_results/matrix/network_hops_n100_i10/download_aggregated.csv

[0;34mGenerating summary report...[0m
==========================================
Swarm Comparison Test Summary Report
==========================================
Generated: Thu Mar 26 05:13:11 AM EDT 2026

Test Configuration:
  Node counts: 100
  Payload sizes: 1024 10240 102400 1048576 bytes
  Iterations per test: 10

Upload Latency Test Results:
----------------------------
  Node count: 100 - No results file found

Download Latency Test Results (cold and warm):
------------------------------
  Node count: 100 - No results file found

==========================================
All results saved to: /mnt/School/1_Temple/fall25/independentStudy/fall25_independentStudy/test_results/matrix/network_hops_n100_i10
==========================================

  Summary report: /mnt/School/1_Temple/fall25/independentStudy/fall25_independentStudy/test_results/matrix/network_hops_n100_i10/summary_report.txt

==========================================
Test Suite Complete!
==========================================
Results directory: /mnt/School/1_Temple/fall25/independentStudy/fall25_independentStudy/test_results/matrix/network_hops_n100_i10

Files generated:
  - upload_n<N>_batch<B>.csv: Upload latency results (N nodes, batch size B)
  - upload_network_bytes.csv: Network bytes transferred during upload (system,payload_size,batch_size,bytes_transferred)
  - download_n<N>_cold.csv, download_n<N>_warm.csv: Download latency results (cold/warm cache)
  - upload_aggregated.csv: All upload results combined
  - download_aggregated.csv: system,node_count,payload_size,iteration,cache_mode,ttfb_ms,total_ms,lookup_type
  - network_hops_results.csv: DHT lookup hops per operation (when available)
  - storage_efficiency_results.csv: disk_bytes, efficiency_ratio per system (when available)
  - replication_results.csv: system,payload_size,nodes,replicas_target,time_to_R_s[,replication_bytes] (when available)
  - replication_distribution.csv: system,node_count,near,midrange,farflung (N/M/F vs Swarm N/A)
  - repair_time_results.csv: system,node_count,repair_time_s (when available)
  - concurrent_results.csv: system,concurrent_writes,concurrent_reads,throughput_mbps,p99_latency_ms (when available)
  - lookup_latency_n<N>.csv: isolated lookup latency (token vs TTFB proxy)
  - lookup_complexity_results.csv: system,node_count,operation,hops (O(log N) regression)
  - routing_overhead_results.csv: system,operation,message_count,overhead_type (token vs provider announce)
  - resource_usage.csv: CPU/memory samples during tests (when available)
  - resource_usage_upload_n<N>.csv: CPU/memory during upload phase only, per node count
  - summary_report.txt: Test summary report


[0;34mCleaning up containers...[0m
  Cleanup complete
[0;32mAll tests complete![0m

[0;34mCleaning up containers...[0m
  Cleanup complete
=== 2026-03-26T05:13:12-04:00 === run_single_comparison.sh --test routing_overhead --nodes 50 --iterations 10
Matrix cell output: /mnt/School/1_Temple/fall25/independentStudy/fall25_independentStudy/test_results/matrix/routing_overhead_n50_i10
Output directory: /mnt/School/1_Temple/fall25/independentStudy/fall25_independentStudy/test_results/matrix/routing_overhead_n50_i10
==========================================
Swarm Comparison Test Suite
==========================================
Node counts: 50
Payload sizes: 1024 10240 102400 1048576 bytes
Batch sizes (upload): 1 5
Iterations per test: 10
Per-test timeout: 5400s (default or auto: 5400/7200/7200s for max N 50/100/500)
Tests (filtered): routing_overhead
Output directory: /mnt/School/1_Temple/fall25/independentStudy/fall25_independentStudy/test_results/matrix/routing_overhead_n50_i10


==========================================
Testing with 50 nodes
==========================================
  [0;36mEnsuring clean state...[0m

[0;34mStep 1: Starting vn-IPFS...[0m

[0;34mStep 1b: Starting Swarm...[0m
[0;31mSwarm failed to start. Log: /mnt/School/1_Temple/fall25/independentStudy/fall25_independentStudy/test_results/matrix/routing_overhead_n50_i10/swarm_startup_n50.log[0m

[0;34mCleaning up containers...[0m
  Cleanup complete

[0;34mAggregating results...[0m
  Aggregated upload results: /mnt/School/1_Temple/fall25/independentStudy/fall25_independentStudy/test_results/matrix/routing_overhead_n50_i10/upload_aggregated.csv
  Aggregated download results: /mnt/School/1_Temple/fall25/independentStudy/fall25_independentStudy/test_results/matrix/routing_overhead_n50_i10/download_aggregated.csv

[0;34mGenerating summary report...[0m
==========================================
Swarm Comparison Test Summary Report
==========================================
Generated: Thu Mar 26 05:40:45 AM EDT 2026

Test Configuration:
  Node counts: 50
  Payload sizes: 1024 10240 102400 1048576 bytes
  Iterations per test: 10

Upload Latency Test Results:
----------------------------
  Node count: 50 - No results file found

Download Latency Test Results (cold and warm):
------------------------------
  Node count: 50 - No results file found

==========================================
All results saved to: /mnt/School/1_Temple/fall25/independentStudy/fall25_independentStudy/test_results/matrix/routing_overhead_n50_i10
==========================================

  Summary report: /mnt/School/1_Temple/fall25/independentStudy/fall25_independentStudy/test_results/matrix/routing_overhead_n50_i10/summary_report.txt

==========================================
Test Suite Complete!
==========================================
Results directory: /mnt/School/1_Temple/fall25/independentStudy/fall25_independentStudy/test_results/matrix/routing_overhead_n50_i10

Files generated:
  - upload_n<N>_batch<B>.csv: Upload latency results (N nodes, batch size B)
  - upload_network_bytes.csv: Network bytes transferred during upload (system,payload_size,batch_size,bytes_transferred)
  - download_n<N>_cold.csv, download_n<N>_warm.csv: Download latency results (cold/warm cache)
  - upload_aggregated.csv: All upload results combined
  - download_aggregated.csv: system,node_count,payload_size,iteration,cache_mode,ttfb_ms,total_ms,lookup_type
  - network_hops_results.csv: DHT lookup hops per operation (when available)
  - storage_efficiency_results.csv: disk_bytes, efficiency_ratio per system (when available)
  - replication_results.csv: system,payload_size,nodes,replicas_target,time_to_R_s[,replication_bytes] (when available)
  - replication_distribution.csv: system,node_count,near,midrange,farflung (N/M/F vs Swarm N/A)
  - repair_time_results.csv: system,node_count,repair_time_s (when available)
  - concurrent_results.csv: system,concurrent_writes,concurrent_reads,throughput_mbps,p99_latency_ms (when available)
  - lookup_latency_n<N>.csv: isolated lookup latency (token vs TTFB proxy)
  - lookup_complexity_results.csv: system,node_count,operation,hops (O(log N) regression)
  - routing_overhead_results.csv: system,operation,message_count,overhead_type (token vs provider announce)
  - resource_usage.csv: CPU/memory samples during tests (when available)
  - resource_usage_upload_n<N>.csv: CPU/memory during upload phase only, per node count
  - summary_report.txt: Test summary report


[0;34mCleaning up containers...[0m
  Cleanup complete
[0;32mAll tests complete![0m

[0;34mCleaning up containers...[0m
  Cleanup complete
=== 2026-03-26T05:40:46-04:00 === run_single_comparison.sh --test routing_overhead --nodes 100 --iterations 10
Matrix cell output: /mnt/School/1_Temple/fall25/independentStudy/fall25_independentStudy/test_results/matrix/routing_overhead_n100_i10
Output directory: /mnt/School/1_Temple/fall25/independentStudy/fall25_independentStudy/test_results/matrix/routing_overhead_n100_i10
==========================================
Swarm Comparison Test Suite
==========================================
Node counts: 100
Payload sizes: 1024 10240 102400 1048576 bytes
Batch sizes (upload): 1 5
Iterations per test: 10
Per-test timeout: 7200s (default or auto: 5400/7200/7200s for max N 50/100/500)
Tests (filtered): routing_overhead
Output directory: /mnt/School/1_Temple/fall25/independentStudy/fall25_independentStudy/test_results/matrix/routing_overhead_n100_i10


==========================================
Testing with 100 nodes
==========================================
  [0;36mEnsuring clean state...[0m

[0;34mStep 1: Starting vn-IPFS...[0m

[0;34mStep 1b: Starting Swarm...[0m
[0;31mvn-IPFS failed to start. Log: /mnt/School/1_Temple/fall25/independentStudy/fall25_independentStudy/test_results/matrix/routing_overhead_n100_i10/our_startup_n100.log[0m

[0;34mCleaning up containers...[0m
  Cleanup complete

[0;34mAggregating results...[0m
  Aggregated upload results: /mnt/School/1_Temple/fall25/independentStudy/fall25_independentStudy/test_results/matrix/routing_overhead_n100_i10/upload_aggregated.csv
  Aggregated download results: /mnt/School/1_Temple/fall25/independentStudy/fall25_independentStudy/test_results/matrix/routing_overhead_n100_i10/download_aggregated.csv

[0;34mGenerating summary report...[0m
==========================================
Swarm Comparison Test Summary Report
==========================================
Generated: Thu Mar 26 06:33:14 AM EDT 2026

Test Configuration:
  Node counts: 100
  Payload sizes: 1024 10240 102400 1048576 bytes
  Iterations per test: 10

Upload Latency Test Results:
----------------------------
  Node count: 100 - No results file found

Download Latency Test Results (cold and warm):
------------------------------
  Node count: 100 - No results file found

==========================================
All results saved to: /mnt/School/1_Temple/fall25/independentStudy/fall25_independentStudy/test_results/matrix/routing_overhead_n100_i10
==========================================

  Summary report: /mnt/School/1_Temple/fall25/independentStudy/fall25_independentStudy/test_results/matrix/routing_overhead_n100_i10/summary_report.txt

==========================================
Test Suite Complete!
==========================================
Results directory: /mnt/School/1_Temple/fall25/independentStudy/fall25_independentStudy/test_results/matrix/routing_overhead_n100_i10

Files generated:
  - upload_n<N>_batch<B>.csv: Upload latency results (N nodes, batch size B)
  - upload_network_bytes.csv: Network bytes transferred during upload (system,payload_size,batch_size,bytes_transferred)
  - download_n<N>_cold.csv, download_n<N>_warm.csv: Download latency results (cold/warm cache)
  - upload_aggregated.csv: All upload results combined
  - download_aggregated.csv: system,node_count,payload_size,iteration,cache_mode,ttfb_ms,total_ms,lookup_type
  - network_hops_results.csv: DHT lookup hops per operation (when available)
  - storage_efficiency_results.csv: disk_bytes, efficiency_ratio per system (when available)
  - replication_results.csv: system,payload_size,nodes,replicas_target,time_to_R_s[,replication_bytes] (when available)
  - replication_distribution.csv: system,node_count,near,midrange,farflung (N/M/F vs Swarm N/A)
  - repair_time_results.csv: system,node_count,repair_time_s (when available)
  - concurrent_results.csv: system,concurrent_writes,concurrent_reads,throughput_mbps,p99_latency_ms (when available)
  - lookup_latency_n<N>.csv: isolated lookup latency (token vs TTFB proxy)
  - lookup_complexity_results.csv: system,node_count,operation,hops (O(log N) regression)
  - routing_overhead_results.csv: system,operation,message_count,overhead_type (token vs provider announce)
  - resource_usage.csv: CPU/memory samples during tests (when available)
  - resource_usage_upload_n<N>.csv: CPU/memory during upload phase only, per node count
  - summary_report.txt: Test summary report


[0;34mCleaning up containers...[0m
  Cleanup complete
[0;32mAll tests complete![0m

[0;34mCleaning up containers...[0m
  Cleanup complete
=== 2026-03-26T06:33:15-04:00 === run_single_comparison.sh --test storage_efficiency --nodes 50 --iterations 10
Matrix cell output: /mnt/School/1_Temple/fall25/independentStudy/fall25_independentStudy/test_results/matrix/storage_efficiency_n50_i10
Output directory: /mnt/School/1_Temple/fall25/independentStudy/fall25_independentStudy/test_results/matrix/storage_efficiency_n50_i10
==========================================
Swarm Comparison Test Suite
==========================================
Node counts: 50
Payload sizes: 1024 10240 102400 1048576 bytes
Batch sizes (upload): 1 5
Iterations per test: 10
Per-test timeout: 5400s (default or auto: 5400/7200/7200s for max N 50/100/500)
Tests (filtered): storage_efficiency
Output directory: /mnt/School/1_Temple/fall25/independentStudy/fall25_independentStudy/test_results/matrix/storage_efficiency_n50_i10


==========================================
Testing with 50 nodes
==========================================
  [0;36mEnsuring clean state...[0m

[0;34mStep 1: Starting vn-IPFS...[0m

[0;34mStep 1b: Starting Swarm...[0m
[0;31mvn-IPFS failed to start. Log: /mnt/School/1_Temple/fall25/independentStudy/fall25_independentStudy/test_results/matrix/storage_efficiency_n50_i10/our_startup_n50.log[0m

[0;34mCleaning up containers...[0m
  Cleanup complete

[0;34mAggregating results...[0m
  Aggregated upload results: /mnt/School/1_Temple/fall25/independentStudy/fall25_independentStudy/test_results/matrix/storage_efficiency_n50_i10/upload_aggregated.csv
  Aggregated download results: /mnt/School/1_Temple/fall25/independentStudy/fall25_independentStudy/test_results/matrix/storage_efficiency_n50_i10/download_aggregated.csv

[0;34mGenerating summary report...[0m
==========================================
Swarm Comparison Test Summary Report
==========================================
Generated: Thu Mar 26 07:06:31 AM EDT 2026

Test Configuration:
  Node counts: 50
  Payload sizes: 1024 10240 102400 1048576 bytes
  Iterations per test: 10

Upload Latency Test Results:
----------------------------
  Node count: 50 - No results file found

Download Latency Test Results (cold and warm):
------------------------------
  Node count: 50 - No results file found

==========================================
All results saved to: /mnt/School/1_Temple/fall25/independentStudy/fall25_independentStudy/test_results/matrix/storage_efficiency_n50_i10
==========================================

  Summary report: /mnt/School/1_Temple/fall25/independentStudy/fall25_independentStudy/test_results/matrix/storage_efficiency_n50_i10/summary_report.txt

==========================================
Test Suite Complete!
==========================================
Results directory: /mnt/School/1_Temple/fall25/independentStudy/fall25_independentStudy/test_results/matrix/storage_efficiency_n50_i10

Files generated:
  - upload_n<N>_batch<B>.csv: Upload latency results (N nodes, batch size B)
  - upload_network_bytes.csv: Network bytes transferred during upload (system,payload_size,batch_size,bytes_transferred)
  - download_n<N>_cold.csv, download_n<N>_warm.csv: Download latency results (cold/warm cache)
  - upload_aggregated.csv: All upload results combined
  - download_aggregated.csv: system,node_count,payload_size,iteration,cache_mode,ttfb_ms,total_ms,lookup_type
  - network_hops_results.csv: DHT lookup hops per operation (when available)
  - storage_efficiency_results.csv: disk_bytes, efficiency_ratio per system (when available)
  - replication_results.csv: system,payload_size,nodes,replicas_target,time_to_R_s[,replication_bytes] (when available)
  - replication_distribution.csv: system,node_count,near,midrange,farflung (N/M/F vs Swarm N/A)
  - repair_time_results.csv: system,node_count,repair_time_s (when available)
  - concurrent_results.csv: system,concurrent_writes,concurrent_reads,throughput_mbps,p99_latency_ms (when available)
  - lookup_latency_n<N>.csv: isolated lookup latency (token vs TTFB proxy)
  - lookup_complexity_results.csv: system,node_count,operation,hops (O(log N) regression)
  - routing_overhead_results.csv: system,operation,message_count,overhead_type (token vs provider announce)
  - resource_usage.csv: CPU/memory samples during tests (when available)
  - resource_usage_upload_n<N>.csv: CPU/memory during upload phase only, per node count
  - summary_report.txt: Test summary report


[0;34mCleaning up containers...[0m
  Cleanup complete
[0;32mAll tests complete![0m

[0;34mCleaning up containers...[0m
  Cleanup complete
=== 2026-03-26T07:06:32-04:00 === run_single_comparison.sh --test storage_efficiency --nodes 100 --iterations 10
Matrix cell output: /mnt/School/1_Temple/fall25/independentStudy/fall25_independentStudy/test_results/matrix/storage_efficiency_n100_i10
Output directory: /mnt/School/1_Temple/fall25/independentStudy/fall25_independentStudy/test_results/matrix/storage_efficiency_n100_i10
==========================================
Swarm Comparison Test Suite
==========================================
Node counts: 100
Payload sizes: 1024 10240 102400 1048576 bytes
Batch sizes (upload): 1 5
Iterations per test: 10
Per-test timeout: 7200s (default or auto: 5400/7200/7200s for max N 50/100/500)
Tests (filtered): storage_efficiency
Output directory: /mnt/School/1_Temple/fall25/independentStudy/fall25_independentStudy/test_results/matrix/storage_efficiency_n100_i10


==========================================
Testing with 100 nodes
==========================================
  [0;36mEnsuring clean state...[0m

[0;34mStep 1: Starting vn-IPFS...[0m

[0;34mStep 1b: Starting Swarm...[0m
  [0;32mBoth networks started (sequential)[0m

[0;34mStep 2: Waiting for both systems to be healthy...[0m
  [0;36mWaiting for our_system to stabilize (N=100, max 210s)...[0m
    our_system ready after 1s
  [0;36mWaiting for swarm to stabilize (N=100, max 240s)...[0m
    swarm ready after 1s
  [0;36mExtra post-stabilization wait: 25s (large cluster)[0m

[0;34mStep 2b: C.2 verification (replication integration)...[0m
  [0;36mC.2 verify cap: 120s[0m
  C.2 verify: starting...
  C.2 verify: using container=fall25-bootstrap addr=[::]:9400
  C.2 verify: PUT request...
  C.2 verify: polling /replication/status...
  C.2 verify: replica_count=1 after 10s (expected >=2)
  [1;33mC.2 verification had errors or timed out, continuing...[0m
  [0;32mResource monitor started (PID 3167023)[0m

[0;34mStep 7: Running storage efficiency test...[0m

[0;32mRunning storage efficiency test...[0m
Storage efficiency test: payload=65536 bytes, replication=1
Output: /mnt/School/1_Temple/fall25/independentStudy/fall25_independentStudy/test_results/matrix/storage_efficiency_n100_i10/storage_efficiency_results.csv

[0;32mOur system...[0m
  nodes=100 disk_delta=1 bytes efficiency_ratio=65536.0000

[0;32mSwarm...[0m
  nodes=100 disk_delta=2296075 bytes efficiency_ratio=.0285

Results: /mnt/School/1_Temple/fall25/independentStudy/fall25_independentStudy/test_results/matrix/storage_efficiency_n100_i10/storage_efficiency_results.csv
system,payload_size,nodes,disk_bytes,efficiency_ratio
our_system,65536,100,1,65536.0000
swarm,65536,100,2296075,.0285
  [0;32m✓ Storage efficiency test complete: /mnt/School/1_Temple/fall25/independentStudy/fall25_independentStudy/test_results/matrix/storage_efficiency_n100_i10/storage_efficiency_results.csv[0m

[0;32mResource monitor stopped[0m

[0;34mAggregating results...[0m
  Aggregated upload results: /mnt/School/1_Temple/fall25/independentStudy/fall25_independentStudy/test_results/matrix/storage_efficiency_n100_i10/upload_aggregated.csv
  Aggregated download results: /mnt/School/1_Temple/fall25/independentStudy/fall25_independentStudy/test_results/matrix/storage_efficiency_n100_i10/download_aggregated.csv

[0;34mGenerating summary report...[0m
==========================================
Swarm Comparison Test Summary Report
==========================================
Generated: Thu Mar 26 08:16:53 AM EDT 2026

Test Configuration:
  Node counts: 100
  Payload sizes: 1024 10240 102400 1048576 bytes
  Iterations per test: 10

Upload Latency Test Results:
----------------------------
  Node count: 100 - No results file found

Download Latency Test Results (cold and warm):
------------------------------
  Node count: 100 - No results file found

==========================================
All results saved to: /mnt/School/1_Temple/fall25/independentStudy/fall25_independentStudy/test_results/matrix/storage_efficiency_n100_i10
==========================================

  Summary report: /mnt/School/1_Temple/fall25/independentStudy/fall25_independentStudy/test_results/matrix/storage_efficiency_n100_i10/summary_report.txt

==========================================
Test Suite Complete!
==========================================
Results directory: /mnt/School/1_Temple/fall25/independentStudy/fall25_independentStudy/test_results/matrix/storage_efficiency_n100_i10

Files generated:
  - upload_n<N>_batch<B>.csv: Upload latency results (N nodes, batch size B)
  - upload_network_bytes.csv: Network bytes transferred during upload (system,payload_size,batch_size,bytes_transferred)
  - download_n<N>_cold.csv, download_n<N>_warm.csv: Download latency results (cold/warm cache)
  - upload_aggregated.csv: All upload results combined
  - download_aggregated.csv: system,node_count,payload_size,iteration,cache_mode,ttfb_ms,total_ms,lookup_type
  - network_hops_results.csv: DHT lookup hops per operation (when available)
  - storage_efficiency_results.csv: disk_bytes, efficiency_ratio per system (when available)
  - replication_results.csv: system,payload_size,nodes,replicas_target,time_to_R_s[,replication_bytes] (when available)
  - replication_distribution.csv: system,node_count,near,midrange,farflung (N/M/F vs Swarm N/A)
  - repair_time_results.csv: system,node_count,repair_time_s (when available)
  - concurrent_results.csv: system,concurrent_writes,concurrent_reads,throughput_mbps,p99_latency_ms (when available)
  - lookup_latency_n<N>.csv: isolated lookup latency (token vs TTFB proxy)
  - lookup_complexity_results.csv: system,node_count,operation,hops (O(log N) regression)
  - routing_overhead_results.csv: system,operation,message_count,overhead_type (token vs provider announce)
  - resource_usage.csv: CPU/memory samples during tests (when available)
  - resource_usage_upload_n<N>.csv: CPU/memory during upload phase only, per node count
  - summary_report.txt: Test summary report


[0;34mCleaning up containers...[0m
  Cleanup complete
[0;32mAll tests complete![0m

[0;34mCleaning up containers...[0m
  Cleanup complete
=== 2026-03-26T08:16:54-04:00 === run_single_comparison.sh --test concurrent --nodes 50 --iterations 10
Matrix cell output: /mnt/School/1_Temple/fall25/independentStudy/fall25_independentStudy/test_results/matrix/concurrent_n50_i10
Output directory: /mnt/School/1_Temple/fall25/independentStudy/fall25_independentStudy/test_results/matrix/concurrent_n50_i10
==========================================
Swarm Comparison Test Suite
==========================================
Node counts: 50
Payload sizes: 1024 10240 102400 1048576 bytes
Batch sizes (upload): 1 5
Iterations per test: 10
Per-test timeout: 5400s (default or auto: 5400/7200/7200s for max N 50/100/500)
Tests (filtered): concurrent
Output directory: /mnt/School/1_Temple/fall25/independentStudy/fall25_independentStudy/test_results/matrix/concurrent_n50_i10


==========================================
Testing with 50 nodes
==========================================
  [0;36mEnsuring clean state...[0m

[0;34mStep 1: Starting vn-IPFS...[0m

[0;34mStep 1b: Starting Swarm...[0m
  [0;32mBoth networks started (sequential)[0m

[0;34mStep 2: Waiting for both systems to be healthy...[0m
  [0;36mWaiting for our_system to stabilize (N=50, max 150s)...[0m
    our_system ready after 1s
  [0;36mWaiting for swarm to stabilize (N=50, max 180s)...[0m
    swarm ready after 1s
  [0;36mExtra post-stabilization wait: 15s (large cluster)[0m

[0;34mStep 2b: C.2 verification (replication integration)...[0m
  [0;36mC.2 verify cap: 90s[0m
  C.2 verify: starting...
  C.2 verify: using container=fall25-bootstrap addr=[::]:9400
  C.2 verify: PUT request...
  C.2 verify: polling /replication/status...
  C.2 verify: replica_count=0 after 10s (expected >=2)
  [1;33mC.2 verification had errors or timed out, continuing...[0m
  [0;32mResource monitor started (PID 3959582)[0m

[0;34mStep 8: Running concurrent read/write test...[0m

[0;32mRunning concurrent read/write test (matrix: 1w/0r, 5w/5r, 10w/10r)...[0m
  (1 w / 0 r)...
    [0;36m  [timeout cap 5400s][0m /mnt/School/1_Temple/fall25/independentStudy/fall25_independentStudy/scripts/tests/swarm_comparison/concurrent_test.sh --concurrent-writes 1 --concurrent-reads 0 --output /mnt/School/1_Temple/fall25/independentStudy/fall25_independentStudy/test_results/matrix/concurrent_n50_i10/concurrent_results.csv --append
    [0;34mConcurrent Read/Write Test[0m
      Concurrent writes: 1, reads: 0
      Payload size: 65536 bytes
    
    [0;32mOur system (1 w / 0 r)...[0m
      throughput=.23 MB/s, p99=88.162532000 ms
    [0;32mSwarm (1 w / 0 r)...[0m
      throughput=.96 MB/s, p99=16.742382000 ms
    
    Results: /mnt/School/1_Temple/fall25/independentStudy/fall25_independentStudy/test_results/matrix/concurrent_n50_i10/concurrent_results.csv
    system,concurrent_writes,concurrent_reads,throughput_mbps,p99_latency_ms
    our_system,1,0,.23,88.162532000
    swarm,1,0,.96,16.742382000
  (5 w / 5 r)...
    [0;36m  [timeout cap 5400s][0m /mnt/School/1_Temple/fall25/independentStudy/fall25_independentStudy/scripts/tests/swarm_comparison/concurrent_test.sh --concurrent-writes 5 --concurrent-reads 5 --output /mnt/School/1_Temple/fall25/independentStudy/fall25_independentStudy/test_results/matrix/concurrent_n50_i10/concurrent_results.csv --append
    [0;34mConcurrent Read/Write Test[0m
      Concurrent writes: 5, reads: 5
      Payload size: 65536 bytes
    
    [0;32mOur system (5 w / 5 r)...[0m
      throughput=0 MB/s, p99=82783.503249000 ms
    [0;32mSwarm (5 w / 5 r)...[0m
      throughput=0 MB/s, p99=N/A ms
    
    Results: /mnt/School/1_Temple/fall25/independentStudy/fall25_independentStudy/test_results/matrix/concurrent_n50_i10/concurrent_results.csv
    system,concurrent_writes,concurrent_reads,throughput_mbps,p99_latency_ms
    our_system,1,0,.23,88.162532000
    swarm,1,0,.96,16.742382000
    our_system,5,5,0,82783.503249000
    swarm,5,5,0,N/A
  (10 w / 10 r)...
    [0;36m  [timeout cap 5400s][0m /mnt/School/1_Temple/fall25/independentStudy/fall25_independentStudy/scripts/tests/swarm_comparison/concurrent_test.sh --concurrent-writes 10 --concurrent-reads 10 --output /mnt/School/1_Temple/fall25/independentStudy/fall25_independentStudy/test_results/matrix/concurrent_n50_i10/concurrent_results.csv --append
    [0;34mConcurrent Read/Write Test[0m
      Concurrent writes: 10, reads: 10
      Payload size: 65536 bytes
    
    [0;32mOur system (10 w / 10 r)...[0m
      throughput=.01 MB/s, p99=81242.537765000 ms
    [0;32mSwarm (10 w / 10 r)...[0m
      throughput=0 MB/s, p99=N/A ms
    
    Results: /mnt/School/1_Temple/fall25/independentStudy/fall25_independentStudy/test_results/matrix/concurrent_n50_i10/concurrent_results.csv
    system,concurrent_writes,concurrent_reads,throughput_mbps,p99_latency_ms
    our_system,1,0,.23,88.162532000
    swarm,1,0,.96,16.742382000
    our_system,5,5,0,82783.503249000
    swarm,5,5,0,N/A
    our_system,10,10,.01,81242.537765000
    swarm,10,10,0,N/A
  [0;32m✓ Concurrent test complete: /mnt/School/1_Temple/fall25/independentStudy/fall25_independentStudy/test_results/matrix/concurrent_n50_i10/concurrent_results.csv[0m

[0;32mResource monitor stopped[0m

[0;34mAggregating results...[0m
  Aggregated upload results: /mnt/School/1_Temple/fall25/independentStudy/fall25_independentStudy/test_results/matrix/concurrent_n50_i10/upload_aggregated.csv
  Aggregated download results: /mnt/School/1_Temple/fall25/independentStudy/fall25_independentStudy/test_results/matrix/concurrent_n50_i10/download_aggregated.csv

[0;34mGenerating summary report...[0m
==========================================
Swarm Comparison Test Summary Report
==========================================
Generated: Thu Mar 26 08:45:33 AM EDT 2026

Test Configuration:
  Node counts: 50
  Payload sizes: 1024 10240 102400 1048576 bytes
  Iterations per test: 10

Upload Latency Test Results:
----------------------------
  Node count: 50 - No results file found

Download Latency Test Results (cold and warm):
------------------------------
  Node count: 50 - No results file found

==========================================
All results saved to: /mnt/School/1_Temple/fall25/independentStudy/fall25_independentStudy/test_results/matrix/concurrent_n50_i10
==========================================

  Summary report: /mnt/School/1_Temple/fall25/independentStudy/fall25_independentStudy/test_results/matrix/concurrent_n50_i10/summary_report.txt

==========================================
Test Suite Complete!
==========================================
Results directory: /mnt/School/1_Temple/fall25/independentStudy/fall25_independentStudy/test_results/matrix/concurrent_n50_i10

Files generated:
  - upload_n<N>_batch<B>.csv: Upload latency results (N nodes, batch size B)
  - upload_network_bytes.csv: Network bytes transferred during upload (system,payload_size,batch_size,bytes_transferred)
  - download_n<N>_cold.csv, download_n<N>_warm.csv: Download latency results (cold/warm cache)
  - upload_aggregated.csv: All upload results combined
  - download_aggregated.csv: system,node_count,payload_size,iteration,cache_mode,ttfb_ms,total_ms,lookup_type
  - network_hops_results.csv: DHT lookup hops per operation (when available)
  - storage_efficiency_results.csv: disk_bytes, efficiency_ratio per system (when available)
  - replication_results.csv: system,payload_size,nodes,replicas_target,time_to_R_s[,replication_bytes] (when available)
  - replication_distribution.csv: system,node_count,near,midrange,farflung (N/M/F vs Swarm N/A)
  - repair_time_results.csv: system,node_count,repair_time_s (when available)
  - concurrent_results.csv: system,concurrent_writes,concurrent_reads,throughput_mbps,p99_latency_ms (when available)
  - lookup_latency_n<N>.csv: isolated lookup latency (token vs TTFB proxy)
  - lookup_complexity_results.csv: system,node_count,operation,hops (O(log N) regression)
  - routing_overhead_results.csv: system,operation,message_count,overhead_type (token vs provider announce)
  - resource_usage.csv: CPU/memory samples during tests (when available)
  - resource_usage_upload_n<N>.csv: CPU/memory during upload phase only, per node count
  - summary_report.txt: Test summary report


[0;34mCleaning up containers...[0m
  Stopping Swarm...
  Cleanup complete
[0;32mAll tests complete![0m

[0;34mCleaning up containers...[0m
  Cleanup complete
=== 2026-03-26T08:45:37-04:00 === run_single_comparison.sh --test concurrent --nodes 100 --iterations 10
Matrix cell output: /mnt/School/1_Temple/fall25/independentStudy/fall25_independentStudy/test_results/matrix/concurrent_n100_i10
Output directory: /mnt/School/1_Temple/fall25/independentStudy/fall25_independentStudy/test_results/matrix/concurrent_n100_i10
==========================================
Swarm Comparison Test Suite
==========================================
Node counts: 100
Payload sizes: 1024 10240 102400 1048576 bytes
Batch sizes (upload): 1 5
Iterations per test: 10
Per-test timeout: 7200s (default or auto: 5400/7200/7200s for max N 50/100/500)
Tests (filtered): concurrent
Output directory: /mnt/School/1_Temple/fall25/independentStudy/fall25_independentStudy/test_results/matrix/concurrent_n100_i10


==========================================
Testing with 100 nodes
==========================================
  [0;36mEnsuring clean state...[0m

[0;34mStep 1: Starting vn-IPFS...[0m

[0;34mStep 1b: Starting Swarm...[0m
  [0;32mBoth networks started (sequential)[0m

[0;34mStep 2: Waiting for both systems to be healthy...[0m
  [0;36mWaiting for our_system to stabilize (N=100, max 210s)...[0m
    our_system ready after 1s
  [0;36mWaiting for swarm to stabilize (N=100, max 240s)...[0m
    swarm ready after 2s
  [0;36mExtra post-stabilization wait: 25s (large cluster)[0m

[0;34mStep 2b: C.2 verification (replication integration)...[0m
  [0;36mC.2 verify cap: 120s[0m
  C.2 verify: starting...
  C.2 verify: using container=fall25-bootstrap addr=[::]:9400
  C.2 verify: PUT request...
  C.2 verify: polling /replication/status...
  C.2 verify: replica_count=1 after 10s (expected >=2)
  [1;33mC.2 verification had errors or timed out, continuing...[0m
  [0;32mResource monitor started (PID 1396460)[0m

[0;34mStep 8: Running concurrent read/write test...[0m

[0;32mRunning concurrent read/write test (matrix: 1w/0r, 5w/5r, 10w/10r)...[0m
  (1 w / 0 r)...
    [0;36m  [timeout cap 7200s][0m /mnt/School/1_Temple/fall25/independentStudy/fall25_independentStudy/scripts/tests/swarm_comparison/concurrent_test.sh --concurrent-writes 1 --concurrent-reads 0 --output /mnt/School/1_Temple/fall25/independentStudy/fall25_independentStudy/test_results/matrix/concurrent_n100_i10/concurrent_results.csv --append
    [0;34mConcurrent Read/Write Test[0m
      Concurrent writes: 1, reads: 0
      Payload size: 65536 bytes
    
    [0;32mOur system (1 w / 0 r)...[0m
      throughput=.21 MB/s, p99=110.840107000 ms
    [0;32mSwarm (1 w / 0 r)...[0m
      throughput=0 MB/s, p99=N/A ms
    
    Results: /mnt/School/1_Temple/fall25/independentStudy/fall25_independentStudy/test_results/matrix/concurrent_n100_i10/concurrent_results.csv
    system,concurrent_writes,concurrent_reads,throughput_mbps,p99_latency_ms
    our_system,1,0,.21,110.840107000
    swarm,1,0,0,N/A
  (5 w / 5 r)...
    [0;36m  [timeout cap 7200s][0m /mnt/School/1_Temple/fall25/independentStudy/fall25_independentStudy/scripts/tests/swarm_comparison/concurrent_test.sh --concurrent-writes 5 --concurrent-reads 5 --output /mnt/School/1_Temple/fall25/independentStudy/fall25_independentStudy/test_results/matrix/concurrent_n100_i10/concurrent_results.csv --append
    [0;34mConcurrent Read/Write Test[0m
      Concurrent writes: 5, reads: 5
      Payload size: 65536 bytes
    
    [0;32mOur system (5 w / 5 r)...[0m
      throughput=.09 MB/s, p99=6311.453406000 ms
    [0;32mSwarm (5 w / 5 r)...[0m
      throughput=0 MB/s, p99=N/A ms
    
    Results: /mnt/School/1_Temple/fall25/independentStudy/fall25_independentStudy/test_results/matrix/concurrent_n100_i10/concurrent_results.csv
    system,concurrent_writes,concurrent_reads,throughput_mbps,p99_latency_ms
    our_system,1,0,.21,110.840107000
    swarm,1,0,0,N/A
    our_system,5,5,.09,6311.453406000
    swarm,5,5,0,N/A
  (10 w / 10 r)...
    [0;36m  [timeout cap 7200s][0m /mnt/School/1_Temple/fall25/independentStudy/fall25_independentStudy/scripts/tests/swarm_comparison/concurrent_test.sh --concurrent-writes 10 --concurrent-reads 10 --output /mnt/School/1_Temple/fall25/independentStudy/fall25_independentStudy/test_results/matrix/concurrent_n100_i10/concurrent_results.csv --append
    [0;34mConcurrent Read/Write Test[0m
      Concurrent writes: 10, reads: 10
      Payload size: 65536 bytes
    
    [0;32mOur system (10 w / 10 r)...[0m
      throughput=.14 MB/s, p99=7822.045050000 ms
    [0;32mSwarm (10 w / 10 r)...[0m
      throughput=0 MB/s, p99=N/A ms
    
    Results: /mnt/School/1_Temple/fall25/independentStudy/fall25_independentStudy/test_results/matrix/concurrent_n100_i10/concurrent_results.csv
    system,concurrent_writes,concurrent_reads,throughput_mbps,p99_latency_ms
    our_system,1,0,.21,110.840107000
    swarm,1,0,0,N/A
    our_system,5,5,.09,6311.453406000
    swarm,5,5,0,N/A
    our_system,10,10,.14,7822.045050000
    swarm,10,10,0,N/A
  [0;32m✓ Concurrent test complete: /mnt/School/1_Temple/fall25/independentStudy/fall25_independentStudy/test_results/matrix/concurrent_n100_i10/concurrent_results.csv[0m

[0;32mResource monitor stopped[0m

[0;34mAggregating results...[0m
  Aggregated upload results: /mnt/School/1_Temple/fall25/independentStudy/fall25_independentStudy/test_results/matrix/concurrent_n100_i10/upload_aggregated.csv
  Aggregated download results: /mnt/School/1_Temple/fall25/independentStudy/fall25_independentStudy/test_results/matrix/concurrent_n100_i10/download_aggregated.csv

[0;34mGenerating summary report...[0m
==========================================
Swarm Comparison Test Summary Report
==========================================
Generated: Thu Mar 26 09:47:25 AM EDT 2026

Test Configuration:
  Node counts: 100
  Payload sizes: 1024 10240 102400 1048576 bytes
  Iterations per test: 10

Upload Latency Test Results:
----------------------------
  Node count: 100 - No results file found

Download Latency Test Results (cold and warm):
------------------------------
  Node count: 100 - No results file found

==========================================
All results saved to: /mnt/School/1_Temple/fall25/independentStudy/fall25_independentStudy/test_results/matrix/concurrent_n100_i10
==========================================

  Summary report: /mnt/School/1_Temple/fall25/independentStudy/fall25_independentStudy/test_results/matrix/concurrent_n100_i10/summary_report.txt

==========================================
Test Suite Complete!
==========================================
Results directory: /mnt/School/1_Temple/fall25/independentStudy/fall25_independentStudy/test_results/matrix/concurrent_n100_i10

Files generated:
  - upload_n<N>_batch<B>.csv: Upload latency results (N nodes, batch size B)
  - upload_network_bytes.csv: Network bytes transferred during upload (system,payload_size,batch_size,bytes_transferred)
  - download_n<N>_cold.csv, download_n<N>_warm.csv: Download latency results (cold/warm cache)
  - upload_aggregated.csv: All upload results combined
  - download_aggregated.csv: system,node_count,payload_size,iteration,cache_mode,ttfb_ms,total_ms,lookup_type
  - network_hops_results.csv: DHT lookup hops per operation (when available)
  - storage_efficiency_results.csv: disk_bytes, efficiency_ratio per system (when available)
  - replication_results.csv: system,payload_size,nodes,replicas_target,time_to_R_s[,replication_bytes] (when available)
  - replication_distribution.csv: system,node_count,near,midrange,farflung (N/M/F vs Swarm N/A)
  - repair_time_results.csv: system,node_count,repair_time_s (when available)
  - concurrent_results.csv: system,concurrent_writes,concurrent_reads,throughput_mbps,p99_latency_ms (when available)
  - lookup_latency_n<N>.csv: isolated lookup latency (token vs TTFB proxy)
  - lookup_complexity_results.csv: system,node_count,operation,hops (O(log N) regression)
  - routing_overhead_results.csv: system,operation,message_count,overhead_type (token vs provider announce)
  - resource_usage.csv: CPU/memory samples during tests (when available)
  - resource_usage_upload_n<N>.csv: CPU/memory during upload phase only, per node count
  - summary_report.txt: Test summary report


[0;34mCleaning up containers...[0m
  Cleanup complete
[0;32mAll tests complete![0m

[0;34mCleaning up containers...[0m
  Cleanup complete
=== 2026-03-26T09:47:26-04:00 === sequence complete
